-8.15737e+00,-1.04168e+00,1.50000e+00,1.50000e+00
-7.66923e+00,-2.98083e+00,1.50000e+00,1.50000e+00
-7.17951e+00,-4.91956e+00,1.50000e+00,1.50000e+00
-6.68825e+00,-6.85790e+00,1.50000e+00,1.50000e+00
-6.19548e+00,-8.79586e+00,1.50000e+00,1.50000e+00
-5.70125e+00,-1.07334e+01,1.50000e+00,1.50000e+00
-5.20558e+00,-1.26707e+01,1.50000e+00,1.50000e+00
-4.70851e+00,-1.46075e+01,1.50000e+00,1.50000e+00
-4.21007e+00,-1.65440e+01,1.50000e+00,1.50000e+00
-3.71031e+00,-1.84802e+01,1.50000e+00,1.50000e+00
-3.20925e+00,-2.04160e+01,1.50000e+00,1.50000e+00
-2.70692e+00,-2.23515e+01,1.50000e+00,1.50000e+00
-2.20335e+00,-2.42867e+01,1.50000e+00,1.50000e+00
-1.69859e+00,-2.62216e+01,1.50000e+00,1.50000e+00
-1.19264e+00,-2.81562e+01,1.50000e+00,1.50000e+00
-6.85566e-01,-3.00904e+01,1.50000e+00,1.50000e+00
-1.77373e-01,-3.20244e+01,1.50000e+00,1.50000e+00
3.31895e-01,-3.39581e+01,1.50000e+00,1.50000e+00
8.42210e-01,-3.58915e+01,1.50000e+00,1.50000e+00
1.35354e+00,-3.78247e+01,1.50000e+00,1.50000e+00
1.86585e+00,-3.97575e+01,1.50000e+00,1.50000e+00
2.37911e+00,-4.16902e+01,1.50000e+00,1.50000e+00
2.89329e+00,-4.36226e+01,1.50000e+00,1.50000e+00
3.40836e+00,-4.55547e+01,1.50000e+00,1.50000e+00
3.92428e+00,-4.74866e+01,1.50000e+00,1.50000e+00
4.44101e+00,-4.94183e+01,1.50000e+00,1.50000e+00
4.95854e+00,-5.13498e+01,1.50000e+00,1.50000e+00
5.47682e+00,-5.32811e+01,1.50000e+00,1.50000e+00
5.99583e+00,-5.52122e+01,1.50000e+00,1.50000e+00
6.51553e+00,-5.71431e+01,1.50000e+00,1.50000e+00
7.03588e+00,-5.90739e+01,1.50000e+00,1.50000e+00
7.55685e+00,-6.10045e+01,1.50000e+00,1.50000e+00
8.07842e+00,-6.29349e+01,1.50000e+00,1.50000e+00
8.60054e+00,-6.48651e+01,1.50000e+00,1.50000e+00
9.12318e+00,-6.67952e+01,1.50000e+00,1.50000e+00
9.64632e+00,-6.87252e+01,1.50000e+00,1.50000e+00
1.01699e+01,-7.06551e+01,1.50000e+00,1.50000e+00
1.06939e+01,-7.25848e+01,1.50000e+00,1.50000e+00
1.12183e+01,-7.45145e+01,1.50000e+00,1.50000e+00
1.17431e+01,-7.64440e+01,1.50000e+00,1.50000e+00
1.22681e+01,-7.83735e+01,1.50000e+00,1.50000e+00
1.27935e+01,-8.03029e+01,1.50000e+00,1.50000e+00
1.33191e+01,-8.22322e+01,1.50000e+00,1.50000e+00
1.38449e+01,-8.41614e+01,1.50000e+00,1.50000e+00
1.43709e+01,-8.60906e+01,1.50000e+00,1.50000e+00
1.48971e+01,-8.80198e+01,1.50000e+00,1.50000e+00
1.54234e+01,-8.99489e+01,1.50000e+00,1.50000e+00
1.59497e+01,-9.18780e+01,1.50000e+00,1.50000e+00
1.64761e+01,-9.38071e+01,1.50000e+00,1.50000e+00
1.70025e+01,-9.57362e+01,1.50000e+00,1.50000e+00
1.75290e+01,-9.76653e+01,1.50000e+00,1.50000e+00
1.80555e+01,-9.95944e+01,1.50000e+00,1.50000e+00
1.85820e+01,-1.01523e+02,1.50000e+00,1.50000e+00
1.91085e+01,-1.03453e+02,1.50000e+00,1.50000e+00
1.96350e+01,-1.05382e+02,1.50000e+00,1.50000e+00
2.01615e+01,-1.07311e+02,1.50000e+00,1.50000e+00
2.06879e+01,-1.09240e+02,1.50000e+00,1.50000e+00
2.12143e+01,-1.11169e+02,1.50000e+00,1.50000e+00
2.17408e+01,-1.13098e+02,1.50000e+00,1.50000e+00
2.22672e+01,-1.15027e+02,1.50000e+00,1.50000e+00
2.27936e+01,-1.16956e+02,1.50000e+00,1.50000e+00
2.33200e+01,-1.18885e+02,1.50000e+00,1.50000e+00
2.38464e+01,-1.20814e+02,1.50000e+00,1.50000e+00
2.43728e+01,-1.22743e+02,1.50000e+00,1.50000e+00
2.48992e+01,-1.24672e+02,1.50000e+00,1.50000e+00
2.54256e+01,-1.26602e+02,1.50000e+00,1.50000e+00
2.59520e+01,-1.28531e+02,1.50000e+00,1.50000e+00
2.64784e+01,-1.30460e+02,1.50000e+00,1.50000e+00
2.70048e+01,-1.32389e+02,1.50000e+00,1.50000e+00
2.75312e+01,-1.34318e+02,1.50000e+00,1.50000e+00
2.80577e+01,-1.36247e+02,1.50000e+00,1.50000e+00
2.85841e+01,-1.38176e+02,1.50000e+00,1.50000e+00
2.91106e+01,-1.40105e+02,1.50000e+00,1.50000e+00
2.96371e+01,-1.42034e+02,1.50000e+00,1.50000e+00
3.01636e+01,-1.43963e+02,1.50000e+00,1.50000e+00
3.06901e+01,-1.45892e+02,1.50000e+00,1.50000e+00
3.12167e+01,-1.47821e+02,1.50000e+00,1.50000e+00
3.17432e+01,-1.49751e+02,1.50000e+00,1.50000e+00
3.22697e+01,-1.51680e+02,1.50000e+00,1.50000e+00
3.27963e+01,-1.53609e+02,1.50000e+00,1.50000e+00
3.33229e+01,-1.55538e+02,1.50000e+00,1.50000e+00
3.38494e+01,-1.57467e+02,1.50000e+00,1.50000e+00
3.43760e+01,-1.59396e+02,1.50000e+00,1.50000e+00
3.49026e+01,-1.61325e+02,1.50000e+00,1.50000e+00
3.54292e+01,-1.63254e+02,1.50000e+00,1.50000e+00
3.59559e+01,-1.65183e+02,1.50000e+00,1.50000e+00
3.64829e+01,-1.67112e+02,1.50000e+00,1.50000e+00
3.70107e+01,-1.69040e+02,1.50000e+00,1.50000e+00
3.75398e+01,-1.70969e+02,1.50000e+00,1.50000e+00
3.80708e+01,-1.72897e+02,1.50000e+00,1.50000e+00
3.86048e+01,-1.74824e+02,1.50000e+00,1.50000e+00
3.91424e+01,-1.76750e+02,1.50000e+00,1.50000e+00
3.96852e+01,-1.78674e+02,1.50000e+00,1.50000e+00
4.02346e+01,-1.80597e+02,1.50000e+00,1.50000e+00
4.07920e+01,-1.82517e+02,1.50000e+00,1.50000e+00
4.13589e+01,-1.84435e+02,1.50000e+00,1.50000e+00
4.19368e+01,-1.86349e+02,1.50000e+00,1.50000e+00
4.25271e+01,-1.88260e+02,1.50000e+00,1.50000e+00
4.31311e+01,-1.90166e+02,1.50000e+00,1.50000e+00
4.37504e+01,-1.92067e+02,1.50000e+00,1.50000e+00
4.43864e+01,-1.93963e+02,1.50000e+00,1.50000e+00
4.50402e+01,-1.95853e+02,1.50000e+00,1.50000e+00
4.57135e+01,-1.97736e+02,1.50000e+00,1.50000e+00
4.64073e+01,-1.99611e+02,1.50000e+00,1.50000e+00
4.71232e+01,-2.01478e+02,1.50000e+00,1.50000e+00
4.78624e+01,-2.03336e+02,1.50000e+00,1.50000e+00
4.86261e+01,-2.05184e+02,1.50000e+00,1.50000e+00
4.94156e+01,-2.07021e+02,1.50000e+00,1.50000e+00
5.02322e+01,-2.08846e+02,1.50000e+00,1.50000e+00
5.10769e+01,-2.10659e+02,1.50000e+00,1.50000e+00
5.19511e+01,-2.12457e+02,1.50000e+00,1.50000e+00
5.28558e+01,-2.14241e+02,1.50000e+00,1.50000e+00
5.37920e+01,-2.16007e+02,1.50000e+00,1.50000e+00
5.47609e+01,-2.17757e+02,1.50000e+00,1.50000e+00
5.57634e+01,-2.19487e+02,1.50000e+00,1.50000e+00
5.68005e+01,-2.21196e+02,1.50000e+00,1.50000e+00
5.78731e+01,-2.22884e+02,1.50000e+00,1.50000e+00
5.89820e+01,-2.24548e+02,1.50000e+00,1.50000e+00
6.01280e+01,-2.26187e+02,1.50000e+00,1.50000e+00
6.13119e+01,-2.27798e+02,1.50000e+00,1.50000e+00
6.25343e+01,-2.29380e+02,1.50000e+00,1.50000e+00
6.37958e+01,-2.30932e+02,1.50000e+00,1.50000e+00
6.50968e+01,-2.32450e+02,1.50000e+00,1.50000e+00
6.64378e+01,-2.33934e+02,1.50000e+00,1.50000e+00
6.78192e+01,-2.35379e+02,1.50000e+00,1.50000e+00
6.92409e+01,-2.36785e+02,1.50000e+00,1.50000e+00
7.07035e+01,-2.38149e+02,1.50000e+00,1.50000e+00
7.22065e+01,-2.39468e+02,1.50000e+00,1.50000e+00
7.37500e+01,-2.40739e+02,1.50000e+00,1.50000e+00
7.53337e+01,-2.41960e+02,1.50000e+00,1.50000e+00
7.69568e+01,-2.43127e+02,1.50000e+00,1.50000e+00
7.86196e+01,-2.44238e+02,1.50000e+00,1.50000e+00
8.03202e+01,-2.45290e+02,1.50000e+00,1.50000e+00
8.20583e+01,-2.46278e+02,1.50000e+00,1.50000e+00
8.38326e+01,-2.47200e+02,1.50000e+00,1.50000e+00
8.56410e+01,-2.48052e+02,1.50000e+00,1.50000e+00
8.74831e+01,-2.48831e+02,1.50000e+00,1.50000e+00
8.93555e+01,-2.49532e+02,1.50000e+00,1.50000e+00
9.12565e+01,-2.50152e+02,1.50000e+00,1.50000e+00
9.31834e+01,-2.50686e+02,1.50000e+00,1.50000e+00
9.51324e+01,-2.51131e+02,1.50000e+00,1.50000e+00
9.71013e+01,-2.51481e+02,1.50000e+00,1.50000e+00
9.90846e+01,-2.51733e+02,1.50000e+00,1.50000e+00
1.01078e+02,-2.51882e+02,1.50000e+00,1.50000e+00
1.03077e+02,-2.51924e+02,1.50000e+00,1.50000e+00
1.05075e+02,-2.51856e+02,1.50000e+00,1.50000e+00
1.07066e+02,-2.51676e+02,1.50000e+00,1.50000e+00
1.09045e+02,-2.51391e+02,1.50000e+00,1.50000e+00
1.11007e+02,-2.51004e+02,1.50000e+00,1.50000e+00
1.12948e+02,-2.50525e+02,1.50000e+00,1.50000e+00
1.14866e+02,-2.49959e+02,1.50000e+00,1.50000e+00
1.16759e+02,-2.49317e+02,1.50000e+00,1.50000e+00
1.18628e+02,-2.48604e+02,1.50000e+00,1.50000e+00
1.20471e+02,-2.47829e+02,1.50000e+00,1.50000e+00
1.22289e+02,-2.46998e+02,1.50000e+00,1.50000e+00
1.24085e+02,-2.46118e+02,1.50000e+00,1.50000e+00
1.25859e+02,-2.45196e+02,1.50000e+00,1.50000e+00
1.27614e+02,-2.44238e+02,1.50000e+00,1.50000e+00
1.29353e+02,-2.43250e+02,1.50000e+00,1.50000e+00
1.31078e+02,-2.42239e+02,1.50000e+00,1.50000e+00
1.32793e+02,-2.41209e+02,1.50000e+00,1.50000e+00
1.34500e+02,-2.40168e+02,1.50000e+00,1.50000e+00
1.36203e+02,-2.39120e+02,1.50000e+00,1.50000e+00
1.37905e+02,-2.38072e+02,1.50000e+00,1.50000e+00
1.39611e+02,-2.37028e+02,1.50000e+00,1.50000e+00
1.41323e+02,-2.35994e+02,1.50000e+00,1.50000e+00
1.43044e+02,-2.34976e+02,1.50000e+00,1.50000e+00
1.44778e+02,-2.33980e+02,1.50000e+00,1.50000e+00
1.46527e+02,-2.33011e+02,1.50000e+00,1.50000e+00
1.48295e+02,-2.32077e+02,1.50000e+00,1.50000e+00
1.50083e+02,-2.31182e+02,1.50000e+00,1.50000e+00
1.51894e+02,-2.30333e+02,1.50000e+00,1.50000e+00
1.53728e+02,-2.29537e+02,1.50000e+00,1.50000e+00
1.55588e+02,-2.28801e+02,1.50000e+00,1.50000e+00
1.57472e+02,-2.28131e+02,1.50000e+00,1.50000e+00
1.59379e+02,-2.27533e+02,1.50000e+00,1.50000e+00
1.61310e+02,-2.27011e+02,1.50000e+00,1.50000e+00
1.63259e+02,-2.26565e+02,1.50000e+00,1.50000e+00
1.65223e+02,-2.26192e+02,1.50000e+00,1.50000e+00
1.67199e+02,-2.25889e+02,1.50000e+00,1.50000e+00
1.69185e+02,-2.25653e+02,1.50000e+00,1.50000e+00
1.71177e+02,-2.25480e+02,1.50000e+00,1.50000e+00
1.73173e+02,-2.25367e+02,1.50000e+00,1.50000e+00
1.75172e+02,-2.25313e+02,1.50000e+00,1.50000e+00
1.77171e+02,-2.25314e+02,1.50000e+00,1.50000e+00
1.79170e+02,-2.25366e+02,1.50000e+00,1.50000e+00
1.81167e+02,-2.25469e+02,1.50000e+00,1.50000e+00
1.83161e+02,-2.25618e+02,1.50000e+00,1.50000e+00
1.85151e+02,-2.25810e+02,1.50000e+00,1.50000e+00
1.87137e+02,-2.26044e+02,1.50000e+00,1.50000e+00
1.89118e+02,-2.26316e+02,1.50000e+00,1.50000e+00
1.91094e+02,-2.26624e+02,1.50000e+00,1.50000e+00
1.93064e+02,-2.26964e+02,1.50000e+00,1.50000e+00
1.95029e+02,-2.27334e+02,1.50000e+00,1.50000e+00
1.96989e+02,-2.27732e+02,1.50000e+00,1.50000e+00
1.98944e+02,-2.28154e+02,1.50000e+00,1.50000e+00
2.00893e+02,-2.28598e+02,1.50000e+00,1.50000e+00
2.02839e+02,-2.29061e+02,1.50000e+00,1.50000e+00
2.04780e+02,-2.29541e+02,1.50000e+00,1.50000e+00
2.06718e+02,-2.30035e+02,1.50000e+00,1.50000e+00
2.08653e+02,-2.30540e+02,1.50000e+00,1.50000e+00
2.10585e+02,-2.31054e+02,1.50000e+00,1.50000e+00
2.12516e+02,-2.31573e+02,1.50000e+00,1.50000e+00
2.14446e+02,-2.32097e+02,1.50000e+00,1.50000e+00
2.16376e+02,-2.32621e+02,1.50000e+00,1.50000e+00
2.18306e+02,-2.33143e+02,1.50000e+00,1.50000e+00
2.20238e+02,-2.33660e+02,1.50000e+00,1.50000e+00
2.22171e+02,-2.34170e+02,1.50000e+00,1.50000e+00
2.24108e+02,-2.34670e+02,1.50000e+00,1.50000e+00
2.26047e+02,-2.35156e+02,1.50000e+00,1.50000e+00
2.27990e+02,-2.35627e+02,1.50000e+00,1.50000e+00
2.29939e+02,-2.36079e+02,1.50000e+00,1.50000e+00
2.31891e+02,-2.36510e+02,1.50000e+00,1.50000e+00
2.33849e+02,-2.36918e+02,1.50000e+00,1.50000e+00
2.35811e+02,-2.37302e+02,1.50000e+00,1.50000e+00
2.37778e+02,-2.37659e+02,1.50000e+00,1.50000e+00
2.39751e+02,-2.37988e+02,1.50000e+00,1.50000e+00
2.41728e+02,-2.38286e+02,1.50000e+00,1.50000e+00
2.43710e+02,-2.38549e+02,1.50000e+00,1.50000e+00
2.45697e+02,-2.38776e+02,1.50000e+00,1.50000e+00
2.47687e+02,-2.38965e+02,1.50000e+00,1.50000e+00
2.49681e+02,-2.39117e+02,1.50000e+00,1.50000e+00
2.51677e+02,-2.39230e+02,1.50000e+00,1.50000e+00
2.53676e+02,-2.39304e+02,1.50000e+00,1.50000e+00
2.55675e+02,-2.39339e+02,1.50000e+00,1.50000e+00
2.57675e+02,-2.39334e+02,1.50000e+00,1.50000e+00
2.59674e+02,-2.39290e+02,1.50000e+00,1.50000e+00
2.61672e+02,-2.39206e+02,1.50000e+00,1.50000e+00
2.63667e+02,-2.39081e+02,1.50000e+00,1.50000e+00
2.65660e+02,-2.38915e+02,1.50000e+00,1.50000e+00
2.67649e+02,-2.38708e+02,1.50000e+00,1.50000e+00
2.69633e+02,-2.38460e+02,1.50000e+00,1.50000e+00
2.71611e+02,-2.38170e+02,1.50000e+00,1.50000e+00
2.73583e+02,-2.37837e+02,1.50000e+00,1.50000e+00
2.75547e+02,-2.37463e+02,1.50000e+00,1.50000e+00
2.77503e+02,-2.37045e+02,1.50000e+00,1.50000e+00
2.79449e+02,-2.36585e+02,1.50000e+00,1.50000e+00
2.81384e+02,-2.36081e+02,1.50000e+00,1.50000e+00
2.83307e+02,-2.35535e+02,1.50000e+00,1.50000e+00
2.85218e+02,-2.34946e+02,1.50000e+00,1.50000e+00
2.87116e+02,-2.34316e+02,1.50000e+00,1.50000e+00
2.88999e+02,-2.33645e+02,1.50000e+00,1.50000e+00
2.90868e+02,-2.32934e+02,1.50000e+00,1.50000e+00
2.92722e+02,-2.32184e+02,1.50000e+00,1.50000e+00
2.94560e+02,-2.31396e+02,1.50000e+00,1.50000e+00
2.96381e+02,-2.30571e+02,1.50000e+00,1.50000e+00
2.98186e+02,-2.29710e+02,1.50000e+00,1.50000e+00
2.99974e+02,-2.28813e+02,1.50000e+00,1.50000e+00
3.01743e+02,-2.27883e+02,1.50000e+00,1.50000e+00
3.03496e+02,-2.26919e+02,1.50000e+00,1.50000e+00
3.05229e+02,-2.25923e+02,1.50000e+00,1.50000e+00
3.06945e+02,-2.24896e+02,1.50000e+00,1.50000e+00
3.08641e+02,-2.23837e+02,1.50000e+00,1.50000e+00
3.10319e+02,-2.22749e+02,1.50000e+00,1.50000e+00
3.11977e+02,-2.21631e+02,1.50000e+00,1.50000e+00
3.13616e+02,-2.20486e+02,1.50000e+00,1.50000e+00
3.15235e+02,-2.19312e+02,1.50000e+00,1.50000e+00
3.16834e+02,-2.18112e+02,1.50000e+00,1.50000e+00
3.18414e+02,-2.16886e+02,1.50000e+00,1.50000e+00
3.19974e+02,-2.15635e+02,1.50000e+00,1.50000e+00
3.21513e+02,-2.14359e+02,1.50000e+00,1.50000e+00
3.23033e+02,-2.13059e+02,1.50000e+00,1.50000e+00
3.24532e+02,-2.11736e+02,1.50000e+00,1.50000e+00
3.26011e+02,-2.10391e+02,1.50000e+00,1.50000e+00
3.27470e+02,-2.09023e+02,1.50000e+00,1.50000e+00
3.28909e+02,-2.07634e+02,1.50000e+00,1.50000e+00
3.30328e+02,-2.06225e+02,1.50000e+00,1.50000e+00
3.31726e+02,-2.04796e+02,1.50000e+00,1.50000e+00
3.33104e+02,-2.03347e+02,1.50000e+00,1.50000e+00
3.34463e+02,-2.01880e+02,1.50000e+00,1.50000e+00
3.35801e+02,-2.00394e+02,1.50000e+00,1.50000e+00
3.37119e+02,-1.98891e+02,1.50000e+00,1.50000e+00
3.38418e+02,-1.97370e+02,1.50000e+00,1.50000e+00
3.39697e+02,-1.95833e+02,1.50000e+00,1.50000e+00
3.40956e+02,-1.94280e+02,1.50000e+00,1.50000e+00
3.42196e+02,-1.92711e+02,1.50000e+00,1.50000e+00
3.43417e+02,-1.91127e+02,1.50000e+00,1.50000e+00
3.44618e+02,-1.89528e+02,1.50000e+00,1.50000e+00
3.45800e+02,-1.87916e+02,1.50000e+00,1.50000e+00
3.46964e+02,-1.86289e+02,1.50000e+00,1.50000e+00
3.48108e+02,-1.84650e+02,1.50000e+00,1.50000e+00
3.49234e+02,-1.82998e+02,1.50000e+00,1.50000e+00
3.50342e+02,-1.81333e+02,1.50000e+00,1.50000e+00
3.51432e+02,-1.79656e+02,1.50000e+00,1.50000e+00
3.52503e+02,-1.77968e+02,1.50000e+00,1.50000e+00
3.53557e+02,-1.76268e+02,1.50000e+00,1.50000e+00
3.54593e+02,-1.74558e+02,1.50000e+00,1.50000e+00
3.55612e+02,-1.72838e+02,1.50000e+00,1.50000e+00
3.56614e+02,-1.71107e+02,1.50000e+00,1.50000e+00
3.57599e+02,-1.69367e+02,1.50000e+00,1.50000e+00
3.58567e+02,-1.67617e+02,1.50000e+00,1.50000e+00
3.59518e+02,-1.65858e+02,1.50000e+00,1.50000e+00
3.60454e+02,-1.64091e+02,1.50000e+00,1.50000e+00
3.61373e+02,-1.62315e+02,1.50000e+00,1.50000e+00
3.62277e+02,-1.60532e+02,1.50000e+00,1.50000e+00
3.63165e+02,-1.58740e+02,1.50000e+00,1.50000e+00
3.64038e+02,-1.56941e+02,1.50000e+00,1.50000e+00
3.64896e+02,-1.55135e+02,1.50000e+00,1.50000e+00
3.65739e+02,-1.53322e+02,1.50000e+00,1.50000e+00
3.66568e+02,-1.51502e+02,1.50000e+00,1.50000e+00
3.67383e+02,-1.49676e+02,1.50000e+00,1.50000e+00
3.68183e+02,-1.47843e+02,1.50000e+00,1.50000e+00
3.68970e+02,-1.46005e+02,1.50000e+00,1.50000e+00
3.69744e+02,-1.44161e+02,1.50000e+00,1.50000e+00
3.70505e+02,-1.42312e+02,1.50000e+00,1.50000e+00
3.71252e+02,-1.40457e+02,1.50000e+00,1.50000e+00
3.71988e+02,-1.38598e+02,1.50000e+00,1.50000e+00
3.72711e+02,-1.36734e+02,1.50000e+00,1.50000e+00
3.73422e+02,-1.34865e+02,1.50000e+00,1.50000e+00
3.74122e+02,-1.32991e+02,1.50000e+00,1.50000e+00
3.74810e+02,-1.31114e+02,1.50000e+00,1.50000e+00
3.75487e+02,-1.29233e+02,1.50000e+00,1.50000e+00
3.76154e+02,-1.27347e+02,1.50000e+00,1.50000e+00
3.76810e+02,-1.25458e+02,1.50000e+00,1.50000e+00
3.77455e+02,-1.23566e+02,1.50000e+00,1.50000e+00
3.78091e+02,-1.21670e+02,1.50000e+00,1.50000e+00
3.78718e+02,-1.19771e+02,1.50000e+00,1.50000e+00
3.79335e+02,-1.17869e+02,1.50000e+00,1.50000e+00
3.79944e+02,-1.15964e+02,1.50000e+00,1.50000e+00
3.80543e+02,-1.14057e+02,1.50000e+00,1.50000e+00
3.81135e+02,-1.12147e+02,1.50000e+00,1.50000e+00
3.81718e+02,-1.10234e+02,1.50000e+00,1.50000e+00
3.82294e+02,-1.08319e+02,1.50000e+00,1.50000e+00
3.82863e+02,-1.06402e+02,1.50000e+00,1.50000e+00
3.83424e+02,-1.04483e+02,1.50000e+00,1.50000e+00
3.83979e+02,-1.02562e+02,1.50000e+00,1.50000e+00
3.84527e+02,-1.00639e+02,1.50000e+00,1.50000e+00
3.85070e+02,-9.87140e+01,1.50000e+00,1.50000e+00
3.85606e+02,-9.67877e+01,1.50000e+00,1.50000e+00
3.86138e+02,-9.48599e+01,1.50000e+00,1.50000e+00
3.86664e+02,-9.29308e+01,1.50000e+00,1.50000e+00
3.87185e+02,-9.10003e+01,1.50000e+00,1.50000e+00
3.87702e+02,-8.90686e+01,1.50000e+00,1.50000e+00
3.88215e+02,-8.71358e+01,1.50000e+00,1.50000e+00
3.88724e+02,-8.52021e+01,1.50000e+00,1.50000e+00
3.89229e+02,-8.32674e+01,1.50000e+00,1.50000e+00
3.89731e+02,-8.13319e+01,1.50000e+00,1.50000e+00
3.90231e+02,-7.93957e+01,1.50000e+00,1.50000e+00
3.90728e+02,-7.74588e+01,1.50000e+00,1.50000e+00
3.91223e+02,-7.55214e+01,1.50000e+00,1.50000e+00
3.91716e+02,-7.35835e+01,1.50000e+00,1.50000e+00
3.92208e+02,-7.16453e+01,1.50000e+00,1.50000e+00
3.92698e+02,-6.97067e+01,1.50000e+00,1.50000e+00
3.93188e+02,-6.77680e+01,1.50000e+00,1.50000e+00
3.93677e+02,-6.58291e+01,1.50000e+00,1.50000e+00
3.94166e+02,-6.38901e+01,1.50000e+00,1.50000e+00
3.94654e+02,-6.19512e+01,1.50000e+00,1.50000e+00
3.95143e+02,-6.00123e+01,1.50000e+00,1.50000e+00
3.95633e+02,-5.80734e+01,1.50000e+00,1.50000e+00
3.96122e+02,-5.61346e+01,1.50000e+00,1.50000e+00
3.96612e+02,-5.41958e+01,1.50000e+00,1.50000e+00
3.97101e+02,-5.22571e+01,1.50000e+00,1.50000e+00
3.97591e+02,-5.03185e+01,1.50000e+00,1.50000e+00
3.98082e+02,-4.83799e+01,1.50000e+00,1.50000e+00
3.98572e+02,-4.64413e+01,1.50000e+00,1.50000e+00
3.99063e+02,-4.45028e+01,1.50000e+00,1.50000e+00
3.99554e+02,-4.25644e+01,1.50000e+00,1.50000e+00
4.00045e+02,-4.06260e+01,1.50000e+00,1.50000e+00
4.00536e+02,-3.86876e+01,1.50000e+00,1.50000e+00
4.01027e+02,-3.67493e+01,1.50000e+00,1.50000e+00
4.01519e+02,-3.48110e+01,1.50000e+00,1.50000e+00
4.02010e+02,-3.28728e+01,1.50000e+00,1.50000e+00
4.02502e+02,-3.09346e+01,1.50000e+00,1.50000e+00
4.02994e+02,-2.89964e+01,1.50000e+00,1.50000e+00
4.03487e+02,-2.70583e+01,1.50000e+00,1.50000e+00
4.03979e+02,-2.51203e+01,1.50000e+00,1.50000e+00
4.04471e+02,-2.31823e+01,1.50000e+00,1.50000e+00
4.04964e+02,-2.12443e+01,1.50000e+00,1.50000e+00
4.05457e+02,-1.93063e+01,1.50000e+00,1.50000e+00
4.05950e+02,-1.73684e+01,1.50000e+00,1.50000e+00
4.06443e+02,-1.54305e+01,1.50000e+00,1.50000e+00
4.06936e+02,-1.34927e+01,1.50000e+00,1.50000e+00
4.07430e+02,-1.15549e+01,1.50000e+00,1.50000e+00
4.07923e+02,-9.61712e+00,1.50000e+00,1.50000e+00
4.08417e+02,-7.67938e+00,1.50000e+00,1.50000e+00
4.08911e+02,-5.74167e+00,1.50000e+00,1.50000e+00
4.09404e+02,-3.80400e+00,1.50000e+00,1.50000e+00
4.09898e+02,-1.86636e+00,1.50000e+00,1.50000e+00
4.10393e+02,7.12530e-02,1.50000e+00,1.50000e+00
4.10887e+02,2.00883e+00,1.50000e+00,1.50000e+00
4.11381e+02,3.94639e+00,1.50000e+00,1.50000e+00
4.11876e+02,5.88391e+00,1.50000e+00,1.50000e+00
4.12370e+02,7.82140e+00,1.50000e+00,1.50000e+00
4.12865e+02,9.75886e+00,1.50000e+00,1.50000e+00
4.13360e+02,1.16963e+01,1.50000e+00,1.50000e+00
4.13855e+02,1.36337e+01,1.50000e+00,1.50000e+00
4.14350e+02,1.55711e+01,1.50000e+00,1.50000e+00
4.14845e+02,1.75084e+01,1.50000e+00,1.50000e+00
4.15340e+02,1.94458e+01,1.50000e+00,1.50000e+00
4.15836e+02,2.13831e+01,1.50000e+00,1.50000e+00
4.16331e+02,2.33203e+01,1.50000e+00,1.50000e+00
4.16827e+02,2.52576e+01,1.50000e+00,1.50000e+00
4.17322e+02,2.71948e+01,1.50000e+00,1.50000e+00
4.17818e+02,2.91320e+01,1.50000e+00,1.50000e+00
4.18314e+02,3.10691e+01,1.50000e+00,1.50000e+00
4.18810e+02,3.30063e+01,1.50000e+00,1.50000e+00
4.19306e+02,3.49434e+01,1.50000e+00,1.50000e+00
4.19802e+02,3.68805e+01,1.50000e+00,1.50000e+00
4.20299e+02,3.88175e+01,1.50000e+00,1.50000e+00
4.20795e+02,4.07546e+01,1.50000e+00,1.50000e+00
4.21292e+02,4.26916e+01,1.50000e+00,1.50000e+00
4.21788e+02,4.46286e+01,1.50000e+00,1.50000e+00
4.22285e+02,4.65655e+01,1.50000e+00,1.50000e+00
4.22782e+02,4.85024e+01,1.50000e+00,1.50000e+00
4.23279e+02,5.04393e+01,1.50000e+00,1.50000e+00
4.23776e+02,5.23762e+01,1.50000e+00,1.50000e+00
4.24273e+02,5.43130e+01,1.50000e+00,1.50000e+00
4.24770e+02,5.62498e+01,1.50000e+00,1.50000e+00
4.25268e+02,5.81866e+01,1.50000e+00,1.50000e+00
4.25765e+02,6.01233e+01,1.50000e+00,1.50000e+00
4.26263e+02,6.20600e+01,1.50000e+00,1.50000e+00
4.26761e+02,6.39967e+01,1.50000e+00,1.50000e+00
4.27259e+02,6.59334e+01,1.50000e+00,1.50000e+00
4.27757e+02,6.78700e+01,1.50000e+00,1.50000e+00
4.28255e+02,6.98066e+01,1.50000e+00,1.50000e+00
4.28753e+02,7.17431e+01,1.50000e+00,1.50000e+00
4.29251e+02,7.36796e+01,1.50000e+00,1.50000e+00
4.29750e+02,7.56161e+01,1.50000e+00,1.50000e+00
4.30249e+02,7.75525e+01,1.50000e+00,1.50000e+00
4.30748e+02,7.94889e+01,1.50000e+00,1.50000e+00
4.31247e+02,8.14253e+01,1.50000e+00,1.50000e+00
4.31746e+02,8.33616e+01,1.50000e+00,1.50000e+00
4.32245e+02,8.52979e+01,1.50000e+00,1.50000e+00
4.32745e+02,8.72341e+01,1.50000e+00,1.50000e+00
4.33244e+02,8.91703e+01,1.50000e+00,1.50000e+00
4.33744e+02,9.11064e+01,1.50000e+00,1.50000e+00
4.34244e+02,9.30425e+01,1.50000e+00,1.50000e+00
4.34745e+02,9.49786e+01,1.50000e+00,1.50000e+00
4.35245e+02,9.69146e+01,1.50000e+00,1.50000e+00
4.35745e+02,9.88506e+01,1.50000e+00,1.50000e+00
4.36246e+02,1.00786e+02,1.50000e+00,1.50000e+00
4.36747e+02,1.02722e+02,1.50000e+00,1.50000e+00
4.37248e+02,1.04658e+02,1.50000e+00,1.50000e+00
4.37749e+02,1.06594e+02,1.50000e+00,1.50000e+00
4.38251e+02,1.08530e+02,1.50000e+00,1.50000e+00
4.38752e+02,1.10465e+02,1.50000e+00,1.50000e+00
4.39254e+02,1.12401e+02,1.50000e+00,1.50000e+00
4.39756e+02,1.14337e+02,1.50000e+00,1.50000e+00
4.40258e+02,1.16272e+02,1.50000e+00,1.50000e+00
4.40760e+02,1.18208e+02,1.50000e+00,1.50000e+00
4.41263e+02,1.20143e+02,1.50000e+00,1.50000e+00
4.41765e+02,1.22079e+02,1.50000e+00,1.50000e+00
4.42268e+02,1.24014e+02,1.50000e+00,1.50000e+00
4.42771e+02,1.25949e+02,1.50000e+00,1.50000e+00
4.43274e+02,1.27885e+02,1.50000e+00,1.50000e+00
4.43777e+02,1.29820e+02,1.50000e+00,1.50000e+00
4.44281e+02,1.31755e+02,1.50000e+00,1.50000e+00
4.44784e+02,1.33691e+02,1.50000e+00,1.50000e+00
4.45288e+02,1.35626e+02,1.50000e+00,1.50000e+00
4.45791e+02,1.37561e+02,1.50000e+00,1.50000e+00
4.46295e+02,1.39496e+02,1.50000e+00,1.50000e+00
4.46799e+02,1.41431e+02,1.50000e+00,1.50000e+00
4.47303e+02,1.43366e+02,1.50000e+00,1.50000e+00
4.47808e+02,1.45301e+02,1.50000e+00,1.50000e+00
4.48312e+02,1.47236e+02,1.50000e+00,1.50000e+00
4.48816e+02,1.49171e+02,1.50000e+00,1.50000e+00
4.49321e+02,1.51106e+02,1.50000e+00,1.50000e+00
4.49826e+02,1.53041e+02,1.50000e+00,1.50000e+00
4.50330e+02,1.54976e+02,1.50000e+00,1.50000e+00
4.50835e+02,1.56911e+02,1.50000e+00,1.50000e+00
4.51340e+02,1.58845e+02,1.50000e+00,1.50000e+00
4.51845e+02,1.60780e+02,1.50000e+00,1.50000e+00
4.52350e+02,1.62715e+02,1.50000e+00,1.50000e+00
4.52855e+02,1.64650e+02,1.50000e+00,1.50000e+00
4.53360e+02,1.66585e+02,1.50000e+00,1.50000e+00
4.53865e+02,1.68520e+02,1.50000e+00,1.50000e+00
4.54370e+02,1.70454e+02,1.50000e+00,1.50000e+00
4.54875e+02,1.72389e+02,1.50000e+00,1.50000e+00
4.55380e+02,1.74324e+02,1.50000e+00,1.50000e+00
4.55885e+02,1.76259e+02,1.50000e+00,1.50000e+00
4.56391e+02,1.78193e+02,1.50000e+00,1.50000e+00
4.56896e+02,1.80128e+02,1.50000e+00,1.50000e+00
4.57401e+02,1.82063e+02,1.50000e+00,1.50000e+00
4.57906e+02,1.83998e+02,1.50000e+00,1.50000e+00
4.58412e+02,1.85932e+02,1.50000e+00,1.50000e+00
4.58917e+02,1.87867e+02,1.50000e+00,1.50000e+00
4.59422e+02,1.89802e+02,1.50000e+00,1.50000e+00
4.59927e+02,1.91737e+02,1.50000e+00,1.50000e+00
4.60432e+02,1.93671e+02,1.50000e+00,1.50000e+00
4.60938e+02,1.95606e+02,1.50000e+00,1.50000e+00
4.61443e+02,1.97541e+02,1.50000e+00,1.50000e+00
4.61948e+02,1.99476e+02,1.50000e+00,1.50000e+00
4.62453e+02,2.01410e+02,1.50000e+00,1.50000e+00
4.62958e+02,2.03345e+02,1.50000e+00,1.50000e+00
4.63464e+02,2.05280e+02,1.50000e+00,1.50000e+00
4.63969e+02,2.07215e+02,1.50000e+00,1.50000e+00
4.64474e+02,2.09149e+02,1.50000e+00,1.50000e+00
4.64979e+02,2.11084e+02,1.50000e+00,1.50000e+00
4.65484e+02,2.13019e+02,1.50000e+00,1.50000e+00
4.65989e+02,2.14954e+02,1.50000e+00,1.50000e+00
4.66494e+02,2.16889e+02,1.50000e+00,1.50000e+00
4.66999e+02,2.18823e+02,1.50000e+00,1.50000e+00
4.67505e+02,2.20758e+02,1.50000e+00,1.50000e+00
4.68010e+02,2.22693e+02,1.50000e+00,1.50000e+00
4.68515e+02,2.24628e+02,1.50000e+00,1.50000e+00
4.69020e+02,2.26562e+02,1.50000e+00,1.50000e+00
4.69525e+02,2.28497e+02,1.50000e+00,1.50000e+00
4.70031e+02,2.30432e+02,1.50000e+00,1.50000e+00
4.70536e+02,2.32367e+02,1.50000e+00,1.50000e+00
4.71042e+02,2.34301e+02,1.50000e+00,1.50000e+00
4.71547e+02,2.36236e+02,1.50000e+00,1.50000e+00
4.72053e+02,2.38171e+02,1.50000e+00,1.50000e+00
4.72558e+02,2.40105e+02,1.50000e+00,1.50000e+00
4.73063e+02,2.42040e+02,1.50000e+00,1.50000e+00
4.73568e+02,2.43975e+02,1.50000e+00,1.50000e+00
4.74072e+02,2.45910e+02,1.50000e+00,1.50000e+00
4.74574e+02,2.47845e+02,1.50000e+00,1.50000e+00
4.75073e+02,2.49782e+02,1.50000e+00,1.50000e+00
4.75569e+02,2.51719e+02,1.50000e+00,1.50000e+00
4.76061e+02,2.53657e+02,1.50000e+00,1.50000e+00
4.76546e+02,2.55597e+02,1.50000e+00,1.50000e+00
4.77024e+02,2.57539e+02,1.50000e+00,1.50000e+00
4.77493e+02,2.59483e+02,1.50000e+00,1.50000e+00
4.77952e+02,2.61429e+02,1.50000e+00,1.50000e+00
4.78401e+02,2.63377e+02,1.50000e+00,1.50000e+00
4.78837e+02,2.65329e+02,1.50000e+00,1.50000e+00
4.79260e+02,2.67283e+02,1.50000e+00,1.50000e+00
4.79668e+02,2.69241e+02,1.50000e+00,1.50000e+00
4.80059e+02,2.71202e+02,1.50000e+00,1.50000e+00
4.80434e+02,2.73166e+02,1.50000e+00,1.50000e+00
4.80789e+02,2.75134e+02,1.50000e+00,1.50000e+00
4.81125e+02,2.77105e+02,1.50000e+00,1.50000e+00
4.81439e+02,2.79080e+02,1.50000e+00,1.50000e+00
4.81731e+02,2.81058e+02,1.50000e+00,1.50000e+00
4.81999e+02,2.83040e+02,1.50000e+00,1.50000e+00
4.82242e+02,2.85024e+02,1.50000e+00,1.50000e+00
4.82458e+02,2.87012e+02,1.50000e+00,1.50000e+00
4.82646e+02,2.89003e+02,1.50000e+00,1.50000e+00
4.82806e+02,2.90996e+02,1.50000e+00,1.50000e+00
4.82934e+02,2.92992e+02,1.50000e+00,1.50000e+00
4.83031e+02,2.94989e+02,1.50000e+00,1.50000e+00
4.83095e+02,2.96988e+02,1.50000e+00,1.50000e+00
4.83124e+02,2.98987e+02,1.50000e+00,1.50000e+00
4.83117e+02,3.00987e+02,1.50000e+00,1.50000e+00
4.83073e+02,3.02986e+02,1.50000e+00,1.50000e+00
4.82990e+02,3.04984e+02,1.50000e+00,1.50000e+00
4.82867e+02,3.06980e+02,1.50000e+00,1.50000e+00
4.82703e+02,3.08972e+02,1.50000e+00,1.50000e+00
4.82497e+02,3.10961e+02,1.50000e+00,1.50000e+00
4.82246e+02,3.12945e+02,1.50000e+00,1.50000e+00
4.81950e+02,3.14923e+02,1.50000e+00,1.50000e+00
4.81608e+02,3.16893e+02,1.50000e+00,1.50000e+00
4.81217e+02,3.18854e+02,1.50000e+00,1.50000e+00
4.80778e+02,3.20805e+02,1.50000e+00,1.50000e+00
4.80288e+02,3.22743e+02,1.50000e+00,1.50000e+00
4.79746e+02,3.24668e+02,1.50000e+00,1.50000e+00
4.79152e+02,3.26577e+02,1.50000e+00,1.50000e+00
4.78504e+02,3.28469e+02,1.50000e+00,1.50000e+00
4.77801e+02,3.30341e+02,1.50000e+00,1.50000e+00
4.77041e+02,3.32191e+02,1.50000e+00,1.50000e+00
4.76225e+02,3.34016e+02,1.50000e+00,1.50000e+00
4.75351e+02,3.35814e+02,1.50000e+00,1.50000e+00
4.74417e+02,3.37582e+02,1.50000e+00,1.50000e+00
4.73424e+02,3.39318e+02,1.50000e+00,1.50000e+00
4.72371e+02,3.41018e+02,1.50000e+00,1.50000e+00
4.71257e+02,3.42678e+02,1.50000e+00,1.50000e+00
4.70084e+02,3.44297e+02,1.50000e+00,1.50000e+00
4.68853e+02,3.45873e+02,1.50000e+00,1.50000e+00
4.67569e+02,3.47406e+02,1.50000e+00,1.50000e+00
4.66233e+02,3.48893e+02,1.50000e+00,1.50000e+00
4.64848e+02,3.50336e+02,1.50000e+00,1.50000e+00
4.63418e+02,3.51733e+02,1.50000e+00,1.50000e+00
4.61945e+02,3.53085e+02,1.50000e+00,1.50000e+00
4.60430e+02,3.54391e+02,1.50000e+00,1.50000e+00
4.58877e+02,3.55650e+02,1.50000e+00,1.50000e+00
4.57288e+02,3.56863e+02,1.50000e+00,1.50000e+00
4.55664e+02,3.58030e+02,1.50000e+00,1.50000e+00
4.54007e+02,3.59150e+02,1.50000e+00,1.50000e+00
4.52321e+02,3.60223e+02,1.50000e+00,1.50000e+00
4.50605e+02,3.61251e+02,1.50000e+00,1.50000e+00
4.48863e+02,3.62232e+02,1.50000e+00,1.50000e+00
4.47095e+02,3.63167e+02,1.50000e+00,1.50000e+00
4.45304e+02,3.64056e+02,1.50000e+00,1.50000e+00
4.43492e+02,3.64900e+02,1.50000e+00,1.50000e+00
4.41658e+02,3.65698e+02,1.50000e+00,1.50000e+00
4.39806e+02,3.66452e+02,1.50000e+00,1.50000e+00
4.37936e+02,3.67160e+02,1.50000e+00,1.50000e+00
4.36050e+02,3.67825e+02,1.50000e+00,1.50000e+00
4.34149e+02,3.68445e+02,1.50000e+00,1.50000e+00
4.32235e+02,3.69022e+02,1.50000e+00,1.50000e+00
4.30308e+02,3.69555e+02,1.50000e+00,1.50000e+00
4.28369e+02,3.70046e+02,1.50000e+00,1.50000e+00
4.26420e+02,3.70494e+02,1.50000e+00,1.50000e+00
4.24463e+02,3.70900e+02,1.50000e+00,1.50000e+00
4.22496e+02,3.71265e+02,1.50000e+00,1.50000e+00
4.20523e+02,3.71588e+02,1.50000e+00,1.50000e+00
4.18544e+02,3.71871e+02,1.50000e+00,1.50000e+00
4.16559e+02,3.72114e+02,1.50000e+00,1.50000e+00
4.14570e+02,3.72317e+02,1.50000e+00,1.50000e+00
4.12577e+02,3.72481e+02,1.50000e+00,1.50000e+00
4.10581e+02,3.72606e+02,1.50000e+00,1.50000e+00
4.08583e+02,3.72694e+02,1.50000e+00,1.50000e+00
4.06584e+02,3.72743e+02,1.50000e+00,1.50000e+00
4.04585e+02,3.72755e+02,1.50000e+00,1.50000e+00
4.02585e+02,3.72730e+02,1.50000e+00,1.50000e+00
4.00587e+02,3.72669e+02,1.50000e+00,1.50000e+00
3.98590e+02,3.72573e+02,1.50000e+00,1.50000e+00
3.96594e+02,3.72441e+02,1.50000e+00,1.50000e+00
3.94602e+02,3.72274e+02,1.50000e+00,1.50000e+00
3.92612e+02,3.72073e+02,1.50000e+00,1.50000e+00
3.90626e+02,3.71839e+02,1.50000e+00,1.50000e+00
3.88645e+02,3.71571e+02,1.50000e+00,1.50000e+00
3.86668e+02,3.71270e+02,1.50000e+00,1.50000e+00
3.84696e+02,3.70937e+02,1.50000e+00,1.50000e+00
3.82730e+02,3.70572e+02,1.50000e+00,1.50000e+00
3.80770e+02,3.70176e+02,1.50000e+00,1.50000e+00
3.78817e+02,3.69749e+02,1.50000e+00,1.50000e+00
3.76870e+02,3.69292e+02,1.50000e+00,1.50000e+00
3.74931e+02,3.68805e+02,1.50000e+00,1.50000e+00
3.72999e+02,3.68288e+02,1.50000e+00,1.50000e+00
3.71075e+02,3.67743e+02,1.50000e+00,1.50000e+00
3.69160e+02,3.67169e+02,1.50000e+00,1.50000e+00
3.67253e+02,3.66567e+02,1.50000e+00,1.50000e+00
3.65355e+02,3.65937e+02,1.50000e+00,1.50000e+00
3.63466e+02,3.65281e+02,1.50000e+00,1.50000e+00
3.61587e+02,3.64598e+02,1.50000e+00,1.50000e+00
3.59717e+02,3.63888e+02,1.50000e+00,1.50000e+00
3.57858e+02,3.63153e+02,1.50000e+00,1.50000e+00
3.56008e+02,3.62393e+02,1.50000e+00,1.50000e+00
3.54170e+02,3.61607e+02,1.50000e+00,1.50000e+00
3.52341e+02,3.60797e+02,1.50000e+00,1.50000e+00
3.50524e+02,3.59963e+02,1.50000e+00,1.50000e+00
3.48717e+02,3.59106e+02,1.50000e+00,1.50000e+00
3.46922e+02,3.58225e+02,1.50000e+00,1.50000e+00
3.45138e+02,3.57322e+02,1.50000e+00,1.50000e+00
3.43366e+02,3.56396e+02,1.50000e+00,1.50000e+00
3.41605e+02,3.55448e+02,1.50000e+00,1.50000e+00
3.39856e+02,3.54479e+02,1.50000e+00,1.50000e+00
3.38119e+02,3.53488e+02,1.50000e+00,1.50000e+00
3.36395e+02,3.52476e+02,1.50000e+00,1.50000e+00
3.34682e+02,3.51444e+02,1.50000e+00,1.50000e+00
3.32981e+02,3.50392e+02,1.50000e+00,1.50000e+00
3.31293e+02,3.49320e+02,1.50000e+00,1.50000e+00
3.29618e+02,3.48229e+02,1.50000e+00,1.50000e+00
3.27955e+02,3.47119e+02,1.50000e+00,1.50000e+00
3.26304e+02,3.45990e+02,1.50000e+00,1.50000e+00
3.24667e+02,3.44842e+02,1.50000e+00,1.50000e+00
3.23042e+02,3.43677e+02,1.50000e+00,1.50000e+00
3.21430e+02,3.42493e+02,1.50000e+00,1.50000e+00
3.19831e+02,3.41293e+02,1.50000e+00,1.50000e+00
3.18245e+02,3.40075e+02,1.50000e+00,1.50000e+00
3.16672e+02,3.38840e+02,1.50000e+00,1.50000e+00
3.15112e+02,3.37589e+02,1.50000e+00,1.50000e+00
3.13565e+02,3.36323e+02,1.50000e+00,1.50000e+00
3.12031e+02,3.35040e+02,1.50000e+00,1.50000e+00
3.10509e+02,3.33742e+02,1.50000e+00,1.50000e+00
3.09001e+02,3.32430e+02,1.50000e+00,1.50000e+00
3.07505e+02,3.31103e+02,1.50000e+00,1.50000e+00
3.06022e+02,3.29762e+02,1.50000e+00,1.50000e+00
3.04551e+02,3.28407e+02,1.50000e+00,1.50000e+00
3.03093e+02,3.27038e+02,1.50000e+00,1.50000e+00
3.01648e+02,3.25657e+02,1.50000e+00,1.50000e+00
3.00214e+02,3.24262e+02,1.50000e+00,1.50000e+00
2.98793e+02,3.22856e+02,1.50000e+00,1.50000e+00
2.97384e+02,3.21437e+02,1.50000e+00,1.50000e+00
2.95987e+02,3.20006e+02,1.50000e+00,1.50000e+00
2.94602e+02,3.18564e+02,1.50000e+00,1.50000e+00
2.93229e+02,3.17110e+02,1.50000e+00,1.50000e+00
2.91867e+02,3.15646e+02,1.50000e+00,1.50000e+00
2.90517e+02,3.14171e+02,1.50000e+00,1.50000e+00
2.89178e+02,3.12685e+02,1.50000e+00,1.50000e+00
2.87851e+02,3.11190e+02,1.50000e+00,1.50000e+00
2.86535e+02,3.09685e+02,1.50000e+00,1.50000e+00
2.85229e+02,3.08170e+02,1.50000e+00,1.50000e+00
2.83934e+02,3.06646e+02,1.50000e+00,1.50000e+00
2.82650e+02,3.05113e+02,1.50000e+00,1.50000e+00
2.81377e+02,3.03572e+02,1.50000e+00,1.50000e+00
2.80113e+02,3.02022e+02,1.50000e+00,1.50000e+00
2.78860e+02,3.00464e+02,1.50000e+00,1.50000e+00
2.77617e+02,2.98898e+02,1.50000e+00,1.50000e+00
2.76383e+02,2.97324e+02,1.50000e+00,1.50000e+00
2.75160e+02,2.95742e+02,1.50000e+00,1.50000e+00
2.73945e+02,2.94154e+02,1.50000e+00,1.50000e+00
2.72740e+02,2.92558e+02,1.50000e+00,1.50000e+00
2.71544e+02,2.90956e+02,1.50000e+00,1.50000e+00
2.70356e+02,2.89347e+02,1.50000e+00,1.50000e+00
2.69177e+02,2.87732e+02,1.50000e+00,1.50000e+00
2.68007e+02,2.86110e+02,1.50000e+00,1.50000e+00
2.66845e+02,2.84483e+02,1.50000e+00,1.50000e+00
2.65691e+02,2.82850e+02,1.50000e+00,1.50000e+00
2.64545e+02,2.81211e+02,1.50000e+00,1.50000e+00
2.63406e+02,2.79567e+02,1.50000e+00,1.50000e+00
2.62275e+02,2.77919e+02,1.50000e+00,1.50000e+00
2.61151e+02,2.76265e+02,1.50000e+00,1.50000e+00
2.60034e+02,2.74606e+02,1.50000e+00,1.50000e+00
2.58924e+02,2.72943e+02,1.50000e+00,1.50000e+00
2.57821e+02,2.71275e+02,1.50000e+00,1.50000e+00
2.56723e+02,2.69604e+02,1.50000e+00,1.50000e+00
2.55632e+02,2.67928e+02,1.50000e+00,1.50000e+00
2.54547e+02,2.66249e+02,1.50000e+00,1.50000e+00
2.53467e+02,2.64566e+02,1.50000e+00,1.50000e+00
2.52393e+02,2.62879e+02,1.50000e+00,1.50000e+00
2.51324e+02,2.61189e+02,1.50000e+00,1.50000e+00
2.50260e+02,2.59496e+02,1.50000e+00,1.50000e+00
2.49200e+02,2.57800e+02,1.50000e+00,1.50000e+00
2.48145e+02,2.56102e+02,1.50000e+00,1.50000e+00
2.47095e+02,2.54400e+02,1.50000e+00,1.50000e+00
2.46048e+02,2.52696e+02,1.50000e+00,1.50000e+00
2.45005e+02,2.50990e+02,1.50000e+00,1.50000e+00
2.43966e+02,2.49282e+02,1.50000e+00,1.50000e+00
2.42930e+02,2.47572e+02,1.50000e+00,1.50000e+00
2.41897e+02,2.45859e+02,1.50000e+00,1.50000e+00
2.40867e+02,2.44145e+02,1.50000e+00,1.50000e+00
2.39839e+02,2.42430e+02,1.50000e+00,1.50000e+00
2.38814e+02,2.40713e+02,1.50000e+00,1.50000e+00
2.37791e+02,2.38995e+02,1.50000e+00,1.50000e+00
2.36770e+02,2.37276e+02,1.50000e+00,1.50000e+00
2.35750e+02,2.35556e+02,1.50000e+00,1.50000e+00
2.34732e+02,2.33835e+02,1.50000e+00,1.50000e+00
2.33715e+02,2.32113e+02,1.50000e+00,1.50000e+00
2.32698e+02,2.30391e+02,1.50000e+00,1.50000e+00
2.31683e+02,2.28669e+02,1.50000e+00,1.50000e+00
2.30668e+02,2.26946e+02,1.50000e+00,1.50000e+00
2.29652e+02,2.25223e+02,1.50000e+00,1.50000e+00
2.28637e+02,2.23501e+02,1.50000e+00,1.50000e+00
2.27621e+02,2.21778e+02,1.50000e+00,1.50000e+00
2.26605e+02,2.20056e+02,1.50000e+00,1.50000e+00
2.25588e+02,2.18334e+02,1.50000e+00,1.50000e+00
2.24570e+02,2.16613e+02,1.50000e+00,1.50000e+00
2.23551e+02,2.14893e+02,1.50000e+00,1.50000e+00
2.22529e+02,2.13174e+02,1.50000e+00,1.50000e+00
2.21507e+02,2.11456e+02,1.50000e+00,1.50000e+00
2.20482e+02,2.09739e+02,1.50000e+00,1.50000e+00
2.19454e+02,2.08023e+02,1.50000e+00,1.50000e+00
2.18424e+02,2.06309e+02,1.50000e+00,1.50000e+00
2.17392e+02,2.04597e+02,1.50000e+00,1.50000e+00
2.16356e+02,2.02886e+02,1.50000e+00,1.50000e+00
2.15317e+02,2.01178e+02,1.50000e+00,1.50000e+00
2.14274e+02,1.99471e+02,1.50000e+00,1.50000e+00
2.13228e+02,1.97767e+02,1.50000e+00,1.50000e+00
2.12178e+02,1.96066e+02,1.50000e+00,1.50000e+00
2.11123e+02,1.94367e+02,1.50000e+00,1.50000e+00
2.10064e+02,1.92671e+02,1.50000e+00,1.50000e+00
2.09000e+02,1.90977e+02,1.50000e+00,1.50000e+00
2.07932e+02,1.89287e+02,1.50000e+00,1.50000e+00
2.06858e+02,1.87601e+02,1.50000e+00,1.50000e+00
2.05779e+02,1.85917e+02,1.50000e+00,1.50000e+00
2.04694e+02,1.84237e+02,1.50000e+00,1.50000e+00
2.03603e+02,1.82562e+02,1.50000e+00,1.50000e+00
2.02506e+02,1.80890e+02,1.50000e+00,1.50000e+00
2.01403e+02,1.79222e+02,1.50000e+00,1.50000e+00
2.00293e+02,1.77558e+02,1.50000e+00,1.50000e+00
1.99177e+02,1.75899e+02,1.50000e+00,1.50000e+00
1.98053e+02,1.74245e+02,1.50000e+00,1.50000e+00
1.96923e+02,1.72596e+02,1.50000e+00,1.50000e+00
1.95784e+02,1.70952e+02,1.50000e+00,1.50000e+00
1.94639e+02,1.69313e+02,1.50000e+00,1.50000e+00
1.93485e+02,1.67680e+02,1.50000e+00,1.50000e+00
1.92324e+02,1.66052e+02,1.50000e+00,1.50000e+00
1.91154e+02,1.64430e+02,1.50000e+00,1.50000e+00
1.89976e+02,1.62814e+02,1.50000e+00,1.50000e+00
1.88790e+02,1.61204e+02,1.50000e+00,1.50000e+00
1.87595e+02,1.59601e+02,1.50000e+00,1.50000e+00
1.86390e+02,1.58005e+02,1.50000e+00,1.50000e+00
1.85175e+02,1.56417e+02,1.50000e+00,1.50000e+00
1.83949e+02,1.54837e+02,1.50000e+00,1.50000e+00
1.82712e+02,1.53266e+02,1.50000e+00,1.50000e+00
1.81463e+02,1.51705e+02,1.50000e+00,1.50000e+00
1.80202e+02,1.50153e+02,1.50000e+00,1.50000e+00
1.78927e+02,1.48613e+02,1.50000e+00,1.50000e+00
1.77638e+02,1.47084e+02,1.50000e+00,1.50000e+00
1.76336e+02,1.45566e+02,1.50000e+00,1.50000e+00
1.75018e+02,1.44062e+02,1.50000e+00,1.50000e+00
1.73686e+02,1.42571e+02,1.50000e+00,1.50000e+00
1.72337e+02,1.41095e+02,1.50000e+00,1.50000e+00
1.70973e+02,1.39633e+02,1.50000e+00,1.50000e+00
1.69591e+02,1.38187e+02,1.50000e+00,1.50000e+00
1.68193e+02,1.36758e+02,1.50000e+00,1.50000e+00
1.66777e+02,1.35346e+02,1.50000e+00,1.50000e+00
1.65344e+02,1.33952e+02,1.50000e+00,1.50000e+00
1.63892e+02,1.32577e+02,1.50000e+00,1.50000e+00
1.62421e+02,1.31222e+02,1.50000e+00,1.50000e+00
1.60932e+02,1.29888e+02,1.50000e+00,1.50000e+00
1.59423e+02,1.28575e+02,1.50000e+00,1.50000e+00
1.57895e+02,1.27285e+02,1.50000e+00,1.50000e+00
1.56348e+02,1.26019e+02,1.50000e+00,1.50000e+00
1.54780e+02,1.24777e+02,1.50000e+00,1.50000e+00
1.53193e+02,1.23561e+02,1.50000e+00,1.50000e+00
1.51586e+02,1.22372e+02,1.50000e+00,1.50000e+00
1.49958e+02,1.21210e+02,1.50000e+00,1.50000e+00
1.48310e+02,1.20078e+02,1.50000e+00,1.50000e+00
1.46642e+02,1.18975e+02,1.50000e+00,1.50000e+00
1.44953e+02,1.17904e+02,1.50000e+00,1.50000e+00
1.43245e+02,1.16865e+02,1.50000e+00,1.50000e+00
1.41516e+02,1.15860e+02,1.50000e+00,1.50000e+00
1.39768e+02,1.14889e+02,1.50000e+00,1.50000e+00
1.38000e+02,1.13955e+02,1.50000e+00,1.50000e+00
1.36213e+02,1.13058e+02,1.50000e+00,1.50000e+00
1.34407e+02,1.12200e+02,1.50000e+00,1.50000e+00
1.32582e+02,1.11382e+02,1.50000e+00,1.50000e+00
1.30740e+02,1.10605e+02,1.50000e+00,1.50000e+00
1.28879e+02,1.09872e+02,1.50000e+00,1.50000e+00
1.27002e+02,1.09183e+02,1.50000e+00,1.50000e+00
1.25109e+02,1.08540e+02,1.50000e+00,1.50000e+00
1.23200e+02,1.07944e+02,1.50000e+00,1.50000e+00
1.21276e+02,1.07398e+02,1.50000e+00,1.50000e+00
1.19339e+02,1.06901e+02,1.50000e+00,1.50000e+00
1.17390e+02,1.06456e+02,1.50000e+00,1.50000e+00
1.15429e+02,1.06063e+02,1.50000e+00,1.50000e+00
1.13459e+02,1.05721e+02,1.50000e+00,1.50000e+00
1.11481e+02,1.05430e+02,1.50000e+00,1.50000e+00
1.09496e+02,1.05189e+02,1.50000e+00,1.50000e+00
1.07506e+02,1.04997e+02,1.50000e+00,1.50000e+00
1.05511e+02,1.04853e+02,1.50000e+00,1.50000e+00
1.03514e+02,1.04756e+02,1.50000e+00,1.50000e+00
1.01515e+02,1.04708e+02,1.50000e+00,1.50000e+00
9.95157e+01,1.04705e+02,1.50000e+00,1.50000e+00
9.75168e+01,1.04749e+02,1.50000e+00,1.50000e+00
9.55191e+01,1.04838e+02,1.50000e+00,1.50000e+00
9.35240e+01,1.04972e+02,1.50000e+00,1.50000e+00
9.15324e+01,1.05150e+02,1.50000e+00,1.50000e+00
8.95452e+01,1.05371e+02,1.50000e+00,1.50000e+00
8.75632e+01,1.05636e+02,1.50000e+00,1.50000e+00
8.55874e+01,1.05944e+02,1.50000e+00,1.50000e+00
8.36185e+01,1.06293e+02,1.50000e+00,1.50000e+00
8.16575e+01,1.06683e+02,1.50000e+00,1.50000e+00
7.97050e+01,1.07115e+02,1.50000e+00,1.50000e+00
7.77618e+01,1.07587e+02,1.50000e+00,1.50000e+00
7.58289e+01,1.08098e+02,1.50000e+00,1.50000e+00
7.39066e+01,1.08649e+02,1.50000e+00,1.50000e+00
7.19960e+01,1.09239e+02,1.50000e+00,1.50000e+00
7.00976e+01,1.09867e+02,1.50000e+00,1.50000e+00
6.82119e+01,1.10533e+02,1.50000e+00,1.50000e+00
6.63398e+01,1.11235e+02,1.50000e+00,1.50000e+00
6.44817e+01,1.11974e+02,1.50000e+00,1.50000e+00
6.26382e+01,1.12748e+02,1.50000e+00,1.50000e+00
6.08099e+01,1.13558e+02,1.50000e+00,1.50000e+00
5.89972e+01,1.14402e+02,1.50000e+00,1.50000e+00
5.72008e+01,1.15280e+02,1.50000e+00,1.50000e+00
5.54211e+01,1.16192e+02,1.50000e+00,1.50000e+00
5.36586e+01,1.17137e+02,1.50000e+00,1.50000e+00
5.19138e+01,1.18113e+02,1.50000e+00,1.50000e+00
5.01871e+01,1.19122e+02,1.50000e+00,1.50000e+00
4.84791e+01,1.20162e+02,1.50000e+00,1.50000e+00
4.67902e+01,1.21232e+02,1.50000e+00,1.50000e+00
4.51208e+01,1.22333e+02,1.50000e+00,1.50000e+00
4.34713e+01,1.23463e+02,1.50000e+00,1.50000e+00
4.18421e+01,1.24622e+02,1.50000e+00,1.50000e+00
4.02338e+01,1.25811e+02,1.50000e+00,1.50000e+00
3.86466e+01,1.27027e+02,1.50000e+00,1.50000e+00
3.70810e+01,1.28271e+02,1.50000e+00,1.50000e+00
3.55373e+01,1.29542e+02,1.50000e+00,1.50000e+00
3.40160e+01,1.30839e+02,1.50000e+00,1.50000e+00
3.25175e+01,1.32163e+02,1.50000e+00,1.50000e+00
3.10421e+01,1.33513e+02,1.50000e+00,1.50000e+00
2.95902e+01,1.34888e+02,1.50000e+00,1.50000e+00
2.81621e+01,1.36288e+02,1.50000e+00,1.50000e+00
2.67583e+01,1.37712e+02,1.50000e+00,1.50000e+00
2.53791e+01,1.39159e+02,1.50000e+00,1.50000e+00
2.40248e+01,1.40631e+02,1.50000e+00,1.50000e+00
2.26959e+01,1.42125e+02,1.50000e+00,1.50000e+00
2.13927e+01,1.43641e+02,1.50000e+00,1.50000e+00
2.01155e+01,1.45180e+02,1.50000e+00,1.50000e+00
1.88648e+01,1.46740e+02,1.50000e+00,1.50000e+00
1.76408e+01,1.48321e+02,1.50000e+00,1.50000e+00
1.64440e+01,1.49923e+02,1.50000e+00,1.50000e+00
1.52747e+01,1.51545e+02,1.50000e+00,1.50000e+00
1.41331e+01,1.53187e+02,1.50000e+00,1.50000e+00
1.30199e+01,1.54848e+02,1.50000e+00,1.50000e+00
1.19351e+01,1.56528e+02,1.50000e+00,1.50000e+00
1.08794e+01,1.58226e+02,1.50000e+00,1.50000e+00
9.85286e+00,1.59942e+02,1.50000e+00,1.50000e+00
8.85596e+00,1.61675e+02,1.50000e+00,1.50000e+00
7.88922e+00,1.63426e+02,1.50000e+00,1.50000e+00
6.95277e+00,1.65192e+02,1.50000e+00,1.50000e+00
6.04715e+00,1.66975e+02,1.50000e+00,1.50000e+00
5.17267e+00,1.68773e+02,1.50000e+00,1.50000e+00
4.32964e+00,1.70587e+02,1.50000e+00,1.50000e+00
3.51866e+00,1.72414e+02,1.50000e+00,1.50000e+00
2.73986e+00,1.74256e+02,1.50000e+00,1.50000e+00
1.99379e+00,1.76111e+02,1.50000e+00,1.50000e+00
1.28078e+00,1.77979e+02,1.50000e+00,1.50000e+00
6.01143e-01,1.79860e+02,1.50000e+00,1.50000e+00
-4.44840e-02,1.81752e+02,1.50000e+00,1.50000e+00
-6.55980e-01,1.83656e+02,1.50000e+00,1.50000e+00
-1.23276e+00,1.85571e+02,1.50000e+00,1.50000e+00
-1.77447e+00,1.87496e+02,1.50000e+00,1.50000e+00
-2.28079e+00,1.89430e+02,1.50000e+00,1.50000e+00
-2.75099e+00,1.91373e+02,1.50000e+00,1.50000e+00
-3.18469e+00,1.93326e+02,1.50000e+00,1.50000e+00
-3.58096e+00,1.95285e+02,1.50000e+00,1.50000e+00
-3.93861e+00,1.97253e+02,1.50000e+00,1.50000e+00
-4.25597e+00,1.99227e+02,1.50000e+00,1.50000e+00
-4.53100e+00,2.01207e+02,1.50000e+00,1.50000e+00
-4.76191e+00,2.03194e+02,1.50000e+00,1.50000e+00
-4.94639e+00,2.05185e+02,1.50000e+00,1.50000e+00
-5.08237e+00,2.07179e+02,1.50000e+00,1.50000e+00
-5.16768e+00,2.09178e+02,1.50000e+00,1.50000e+00
-5.20007e+00,2.11176e+02,1.50000e+00,1.50000e+00
-5.17744e+00,2.13176e+02,1.50000e+00,1.50000e+00
-5.09762e+00,2.15174e+02,1.50000e+00,1.50000e+00
-4.95851e+00,2.17169e+02,1.50000e+00,1.50000e+00
-4.75787e+00,2.19159e+02,1.50000e+00,1.50000e+00
-4.49392e+00,2.21140e+02,1.50000e+00,1.50000e+00
-4.16431e+00,2.23113e+02,1.50000e+00,1.50000e+00
-3.76723e+00,2.25072e+02,1.50000e+00,1.50000e+00
-3.30081e+00,2.27016e+02,1.50000e+00,1.50000e+00
-2.76286e+00,2.28943e+02,1.50000e+00,1.50000e+00
-2.15231e+00,2.30846e+02,1.50000e+00,1.50000e+00
-1.46688e+00,2.32725e+02,1.50000e+00,1.50000e+00
-7.05297e-01,2.34574e+02,1.50000e+00,1.50000e+00
1.33687e-01,2.36389e+02,1.50000e+00,1.50000e+00
1.05161e+00,2.38165e+02,1.50000e+00,1.50000e+00
2.04908e+00,2.39898e+02,1.50000e+00,1.50000e+00
3.12706e+00,2.41582e+02,1.50000e+00,1.50000e+00
4.28614e+00,2.43212e+02,1.50000e+00,1.50000e+00
5.52642e+00,2.44780e+02,1.50000e+00,1.50000e+00
6.84735e+00,2.46281e+02,1.50000e+00,1.50000e+00
8.24969e+00,2.47707e+02,1.50000e+00,1.50000e+00
9.73069e+00,2.49050e+02,1.50000e+00,1.50000e+00
1.12895e+01,2.50302e+02,1.50000e+00,1.50000e+00
1.29250e+01,2.51455e+02,1.50000e+00,1.50000e+00
1.46305e+01,2.52494e+02,1.50000e+00,1.50000e+00
1.64082e+01,2.53415e+02,1.50000e+00,1.50000e+00
1.82447e+01,2.54205e+02,1.50000e+00,1.50000e+00
2.01318e+01,2.54860e+02,1.50000e+00,1.50000e+00
2.20645e+01,2.55379e+02,1.50000e+00,1.50000e+00
2.40235e+01,2.55765e+02,1.50000e+00,1.50000e+00
2.60066e+01,2.56024e+02,1.50000e+00,1.50000e+00
2.80006e+01,2.56164e+02,1.50000e+00,1.50000e+00
2.99986e+01,2.56194e+02,1.50000e+00,1.50000e+00
3.19966e+01,2.56121e+02,1.50000e+00,1.50000e+00
3.39892e+01,2.55955e+02,1.50000e+00,1.50000e+00
3.59722e+01,2.55706e+02,1.50000e+00,1.50000e+00
3.79453e+01,2.55381e+02,1.50000e+00,1.50000e+00
3.99064e+01,2.54991e+02,1.50000e+00,1.50000e+00
4.18545e+01,2.54544e+02,1.50000e+00,1.50000e+00
4.37928e+01,2.54047e+02,1.50000e+00,1.50000e+00
4.57177e+01,2.53511e+02,1.50000e+00,1.50000e+00
4.76350e+01,2.52942e+02,1.50000e+00,1.50000e+00
4.95449e+01,2.52348e+02,1.50000e+00,1.50000e+00
5.14487e+01,2.51739e+02,1.50000e+00,1.50000e+00
5.33515e+01,2.51120e+02,1.50000e+00,1.50000e+00
5.52518e+01,2.50500e+02,1.50000e+00,1.50000e+00
5.71553e+01,2.49887e+02,1.50000e+00,1.50000e+00
5.90634e+01,2.49287e+02,1.50000e+00,1.50000e+00
6.09776e+01,2.48709e+02,1.50000e+00,1.50000e+00
6.29009e+01,2.48161e+02,1.50000e+00,1.50000e+00
6.48342e+01,2.47649e+02,1.50000e+00,1.50000e+00
6.67787e+01,2.47183e+02,1.50000e+00,1.50000e+00
6.87353e+01,2.46770e+02,1.50000e+00,1.50000e+00
7.07041e+01,2.46418e+02,1.50000e+00,1.50000e+00
7.26828e+01,2.46135e+02,1.50000e+00,1.50000e+00
7.46730e+01,2.45931e+02,1.50000e+00,1.50000e+00
7.66688e+01,2.45814e+02,1.50000e+00,1.50000e+00
7.86680e+01,2.45792e+02,1.50000e+00,1.50000e+00
8.06665e+01,2.45875e+02,1.50000e+00,1.50000e+00
8.26546e+01,2.46072e+02,1.50000e+00,1.50000e+00
8.46297e+01,2.46392e+02,1.50000e+00,1.50000e+00
8.65771e+01,2.46842e+02,1.50000e+00,1.50000e+00
8.84870e+01,2.47431e+02,1.50000e+00,1.50000e+00
9.03470e+01,2.48165e+02,1.50000e+00,1.50000e+00
9.21398e+01,2.49047e+02,1.50000e+00,1.50000e+00
9.38518e+01,2.50076e+02,1.50000e+00,1.50000e+00
9.54724e+01,2.51247e+02,1.50000e+00,1.50000e+00
9.69907e+01,2.52547e+02,1.50000e+00,1.50000e+00
9.84001e+01,2.53964e+02,1.50000e+00,1.50000e+00
9.96992e+01,2.55486e+02,1.50000e+00,1.50000e+00
1.00882e+02,2.57096e+02,1.50000e+00,1.50000e+00
1.01950e+02,2.58787e+02,1.50000e+00,1.50000e+00
1.02904e+02,2.60544e+02,1.50000e+00,1.50000e+00
1.03745e+02,2.62358e+02,1.50000e+00,1.50000e+00
1.04473e+02,2.64221e+02,1.50000e+00,1.50000e+00
1.05090e+02,2.66123e+02,1.50000e+00,1.50000e+00
1.05600e+02,2.68056e+02,1.50000e+00,1.50000e+00
1.06004e+02,2.70014e+02,1.50000e+00,1.50000e+00
1.06306e+02,2.71991e+02,1.50000e+00,1.50000e+00
1.06508e+02,2.73980e+02,1.50000e+00,1.50000e+00
1.06615e+02,2.75977e+02,1.50000e+00,1.50000e+00
1.06628e+02,2.77976e+02,1.50000e+00,1.50000e+00
1.06553e+02,2.79974e+02,1.50000e+00,1.50000e+00
1.06391e+02,2.81968e+02,1.50000e+00,1.50000e+00
1.06147e+02,2.83951e+02,1.50000e+00,1.50000e+00
1.05823e+02,2.85925e+02,1.50000e+00,1.50000e+00
1.05425e+02,2.87884e+02,1.50000e+00,1.50000e+00
1.04954e+02,2.89828e+02,1.50000e+00,1.50000e+00
1.04414e+02,2.91753e+02,1.50000e+00,1.50000e+00
1.03810e+02,2.93658e+02,1.50000e+00,1.50000e+00
1.03142e+02,2.95544e+02,1.50000e+00,1.50000e+00
1.02416e+02,2.97407e+02,1.50000e+00,1.50000e+00
1.01634e+02,2.99247e+02,1.50000e+00,1.50000e+00
1.00799e+02,3.01064e+02,1.50000e+00,1.50000e+00
9.99135e+01,3.02856e+02,1.50000e+00,1.50000e+00
9.89807e+01,3.04625e+02,1.50000e+00,1.50000e+00
9.80035e+01,3.06369e+02,1.50000e+00,1.50000e+00
9.69843e+01,3.08090e+02,1.50000e+00,1.50000e+00
9.59257e+01,3.09786e+02,1.50000e+00,1.50000e+00
9.48301e+01,3.11459e+02,1.50000e+00,1.50000e+00
9.36999e+01,3.13108e+02,1.50000e+00,1.50000e+00
9.25373e+01,3.14735e+02,1.50000e+00,1.50000e+00
9.13447e+01,3.16340e+02,1.50000e+00,1.50000e+00
9.01240e+01,3.17923e+02,1.50000e+00,1.50000e+00
8.88774e+01,3.19487e+02,1.50000e+00,1.50000e+00
8.76072e+01,3.21031e+02,1.50000e+00,1.50000e+00
8.63146e+01,3.22557e+02,1.50000e+00,1.50000e+00
8.50025e+01,3.24065e+02,1.50000e+00,1.50000e+00
8.36718e+01,3.25558e+02,1.50000e+00,1.50000e+00
8.23245e+01,3.27036e+02,1.50000e+00,1.50000e+00
8.09631e+01,3.28500e+02,1.50000e+00,1.50000e+00
7.95876e+01,3.29952e+02,1.50000e+00,1.50000e+00
7.82017e+01,3.31392e+02,1.50000e+00,1.50000e+00
7.68052e+01,3.32824e+02,1.50000e+00,1.50000e+00
7.54001e+01,3.34247e+02,1.50000e+00,1.50000e+00
7.39890e+01,3.35663e+02,1.50000e+00,1.50000e+00
7.25710e+01,3.37074e+02,1.50000e+00,1.50000e+00
7.11506e+01,3.38480e+02,1.50000e+00,1.50000e+00
6.97267e+01,3.39884e+02,1.50000e+00,1.50000e+00
6.83014e+01,3.41287e+02,1.50000e+00,1.50000e+00
6.68771e+01,3.42690e+02,1.50000e+00,1.50000e+00
6.54529e+01,3.44095e+02,1.50000e+00,1.50000e+00
6.40333e+01,3.45502e+02,1.50000e+00,1.50000e+00
6.26170e+01,3.46914e+02,1.50000e+00,1.50000e+00
6.12061e+01,3.48331e+02,1.50000e+00,1.50000e+00
5.98031e+01,3.49755e+02,1.50000e+00,1.50000e+00
5.84071e+01,3.51188e+02,1.50000e+00,1.50000e+00
5.70223e+01,3.52630e+02,1.50000e+00,1.50000e+00
5.56480e+01,3.54082e+02,1.50000e+00,1.50000e+00
5.42860e+01,3.55547e+02,1.50000e+00,1.50000e+00
5.29389e+01,3.57024e+02,1.50000e+00,1.50000e+00
5.16063e+01,3.58516e+02,1.50000e+00,1.50000e+00
5.02918e+01,3.60022e+02,1.50000e+00,1.50000e+00
4.89954e+01,3.61545e+02,1.50000e+00,1.50000e+00
4.77191e+01,3.63085e+02,1.50000e+00,1.50000e+00
4.64652e+01,3.64642e+02,1.50000e+00,1.50000e+00
4.52343e+01,3.66218e+02,1.50000e+00,1.50000e+00
4.40291e+01,3.67813e+02,1.50000e+00,1.50000e+00
4.28508e+01,3.69429e+02,1.50000e+00,1.50000e+00
4.17012e+01,3.71066e+02,1.50000e+00,1.50000e+00
4.05828e+01,3.72723e+02,1.50000e+00,1.50000e+00
3.94968e+01,3.74402e+02,1.50000e+00,1.50000e+00
3.84456e+01,3.76103e+02,1.50000e+00,1.50000e+00
3.74312e+01,3.77826e+02,1.50000e+00,1.50000e+00
3.64557e+01,3.79572e+02,1.50000e+00,1.50000e+00
3.55213e+01,3.81340e+02,1.50000e+00,1.50000e+00
3.46304e+01,3.83130e+02,1.50000e+00,1.50000e+00
3.37851e+01,3.84942e+02,1.50000e+00,1.50000e+00
3.29879e+01,3.86776e+02,1.50000e+00,1.50000e+00
3.22414e+01,3.88631e+02,1.50000e+00,1.50000e+00
3.15478e+01,3.90507e+02,1.50000e+00,1.50000e+00
3.09102e+01,3.92402e+02,1.50000e+00,1.50000e+00
3.03309e+01,3.94316e+02,1.50000e+00,1.50000e+00
2.98128e+01,3.96247e+02,1.50000e+00,1.50000e+00
2.93590e+01,3.98194e+02,1.50000e+00,1.50000e+00
2.89717e+01,4.00157e+02,1.50000e+00,1.50000e+00
2.86546e+01,4.02130e+02,1.50000e+00,1.50000e+00
2.84104e+01,4.04115e+02,1.50000e+00,1.50000e+00
2.82423e+01,4.06108e+02,1.50000e+00,1.50000e+00
2.81534e+01,4.08104e+02,1.50000e+00,1.50000e+00
2.81469e+01,4.10105e+02,1.50000e+00,1.50000e+00
2.82260e+01,4.12103e+02,1.50000e+00,1.50000e+00
2.83940e+01,4.14095e+02,1.50000e+00,1.50000e+00
2.86542e+01,4.16078e+02,1.50000e+00,1.50000e+00
2.90096e+01,4.18044e+02,1.50000e+00,1.50000e+00
2.94640e+01,4.19992e+02,1.50000e+00,1.50000e+00
3.00198e+01,4.21913e+02,1.50000e+00,1.50000e+00
3.06802e+01,4.23800e+02,1.50000e+00,1.50000e+00
3.14484e+01,4.25646e+02,1.50000e+00,1.50000e+00
3.23256e+01,4.27441e+02,1.50000e+00,1.50000e+00
3.33159e+01,4.29180e+02,1.50000e+00,1.50000e+00
3.44190e+01,4.30847e+02,1.50000e+00,1.50000e+00
3.56365e+01,4.32432e+02,1.50000e+00,1.50000e+00
3.69677e+01,4.33924e+02,1.50000e+00,1.50000e+00
3.84068e+01,4.35310e+02,1.50000e+00,1.50000e+00
3.99501e+01,4.36581e+02,1.50000e+00,1.50000e+00
4.15872e+01,4.37728e+02,1.50000e+00,1.50000e+00
4.33068e+01,4.38747e+02,1.50000e+00,1.50000e+00
4.50985e+01,4.39634e+02,1.50000e+00,1.50000e+00
4.69522e+01,4.40384e+02,1.50000e+00,1.50000e+00
4.88560e+01,4.40993e+02,1.50000e+00,1.50000e+00
5.07998e+01,4.41461e+02,1.50000e+00,1.50000e+00
5.27719e+01,4.41789e+02,1.50000e+00,1.50000e+00
5.47620e+01,4.41979e+02,1.50000e+00,1.50000e+00
5.67607e+01,4.42038e+02,1.50000e+00,1.50000e+00
5.87586e+01,4.41972e+02,1.50000e+00,1.50000e+00
6.07496e+01,4.41789e+02,1.50000e+00,1.50000e+00
6.27270e+01,4.41493e+02,1.50000e+00,1.50000e+00
6.46856e+01,4.41092e+02,1.50000e+00,1.50000e+00
6.66221e+01,4.40593e+02,1.50000e+00,1.50000e+00
6.85313e+01,4.40001e+02,1.50000e+00,1.50000e+00
7.04121e+01,4.39321e+02,1.50000e+00,1.50000e+00
7.22615e+01,4.38561e+02,1.50000e+00,1.50000e+00
7.40777e+01,4.37726e+02,1.50000e+00,1.50000e+00
7.58606e+01,4.36819e+02,1.50000e+00,1.50000e+00
7.76079e+01,4.35848e+02,1.50000e+00,1.50000e+00
7.93208e+01,4.34816e+02,1.50000e+00,1.50000e+00
8.09987e+01,4.33728e+02,1.50000e+00,1.50000e+00
8.26420e+01,4.32589e+02,1.50000e+00,1.50000e+00
8.42520e+01,4.31403e+02,1.50000e+00,1.50000e+00
8.58288e+01,4.30174e+02,1.50000e+00,1.50000e+00
8.73743e+01,4.28905e+02,1.50000e+00,1.50000e+00
8.88899e+01,4.27600e+02,1.50000e+00,1.50000e+00
9.03770e+01,4.26264e+02,1.50000e+00,1.50000e+00
9.18377e+01,4.24898e+02,1.50000e+00,1.50000e+00
9.32738e+01,4.23507e+02,1.50000e+00,1.50000e+00
9.46875e+01,4.22092e+02,1.50000e+00,1.50000e+00
9.60812e+01,4.20658e+02,1.50000e+00,1.50000e+00
9.74572e+01,4.19207e+02,1.50000e+00,1.50000e+00
9.88178e+01,4.17742e+02,1.50000e+00,1.50000e+00
1.00166e+02,4.16265e+02,1.50000e+00,1.50000e+00
1.01504e+02,4.14779e+02,1.50000e+00,1.50000e+00
1.02835e+02,4.13287e+02,1.50000e+00,1.50000e+00
1.04162e+02,4.11791e+02,1.50000e+00,1.50000e+00
1.05486e+02,4.10293e+02,1.50000e+00,1.50000e+00
1.06812e+02,4.08796e+02,1.50000e+00,1.50000e+00
1.08142e+02,4.07302e+02,1.50000e+00,1.50000e+00
1.09477e+02,4.05814e+02,1.50000e+00,1.50000e+00
1.10821e+02,4.04333e+02,1.50000e+00,1.50000e+00
1.12176e+02,4.02863e+02,1.50000e+00,1.50000e+00
1.13545e+02,4.01405e+02,1.50000e+00,1.50000e+00
1.14929e+02,3.99962e+02,1.50000e+00,1.50000e+00
1.16332e+02,3.98537e+02,1.50000e+00,1.50000e+00
1.17755e+02,3.97132e+02,1.50000e+00,1.50000e+00
1.19199e+02,3.95749e+02,1.50000e+00,1.50000e+00
1.20666e+02,3.94391e+02,1.50000e+00,1.50000e+00
1.22159e+02,3.93060e+02,1.50000e+00,1.50000e+00
1.23677e+02,3.91759e+02,1.50000e+00,1.50000e+00
1.25223e+02,3.90490e+02,1.50000e+00,1.50000e+00
1.26797e+02,3.89258e+02,1.50000e+00,1.50000e+00
1.28402e+02,3.88064e+02,1.50000e+00,1.50000e+00
1.30036e+02,3.86912e+02,1.50000e+00,1.50000e+00
1.31701e+02,3.85805e+02,1.50000e+00,1.50000e+00
1.33396e+02,3.84744e+02,1.50000e+00,1.50000e+00
1.35121e+02,3.83733e+02,1.50000e+00,1.50000e+00
1.36873e+02,3.82770e+02,1.50000e+00,1.50000e+00
1.38653e+02,3.81858e+02,1.50000e+00,1.50000e+00
1.40457e+02,3.80996e+02,1.50000e+00,1.50000e+00
1.42285e+02,3.80185e+02,1.50000e+00,1.50000e+00
1.44134e+02,3.79424e+02,1.50000e+00,1.50000e+00
1.46003e+02,3.78714e+02,1.50000e+00,1.50000e+00
1.47890e+02,3.78053e+02,1.50000e+00,1.50000e+00
1.49794e+02,3.77442e+02,1.50000e+00,1.50000e+00
1.51713e+02,3.76880e+02,1.50000e+00,1.50000e+00
1.53646e+02,3.76368e+02,1.50000e+00,1.50000e+00
1.55591e+02,3.75904e+02,1.50000e+00,1.50000e+00
1.57547e+02,3.75490e+02,1.50000e+00,1.50000e+00
1.59513e+02,3.75124e+02,1.50000e+00,1.50000e+00
1.61487e+02,3.74806e+02,1.50000e+00,1.50000e+00
1.63468e+02,3.74536e+02,1.50000e+00,1.50000e+00
1.65456e+02,3.74314e+02,1.50000e+00,1.50000e+00
1.67448e+02,3.74140e+02,1.50000e+00,1.50000e+00
1.69443e+02,3.74013e+02,1.50000e+00,1.50000e+00
1.71441e+02,3.73932e+02,1.50000e+00,1.50000e+00
1.73440e+02,3.73899e+02,1.50000e+00,1.50000e+00
1.75440e+02,3.73912e+02,1.50000e+00,1.50000e+00
1.77439e+02,3.73971e+02,1.50000e+00,1.50000e+00
1.79435e+02,3.74076e+02,1.50000e+00,1.50000e+00
1.81429e+02,3.74227e+02,1.50000e+00,1.50000e+00
1.83419e+02,3.74423e+02,1.50000e+00,1.50000e+00
1.85404e+02,3.74665e+02,1.50000e+00,1.50000e+00
1.87383e+02,3.74952e+02,1.50000e+00,1.50000e+00
1.89355e+02,3.75284e+02,1.50000e+00,1.50000e+00
1.91319e+02,3.75660e+02,1.50000e+00,1.50000e+00
1.93274e+02,3.76080e+02,1.50000e+00,1.50000e+00
1.95219e+02,3.76545e+02,1.50000e+00,1.50000e+00
1.97153e+02,3.77053e+02,1.50000e+00,1.50000e+00
1.99074e+02,3.77604e+02,1.50000e+00,1.50000e+00
2.00984e+02,3.78199e+02,1.50000e+00,1.50000e+00
2.02879e+02,3.78836e+02,1.50000e+00,1.50000e+00
2.04760e+02,3.79514e+02,1.50000e+00,1.50000e+00
2.06626e+02,3.80233e+02,1.50000e+00,1.50000e+00
2.08476e+02,3.80992e+02,1.50000e+00,1.50000e+00
2.10310e+02,3.81789e+02,1.50000e+00,1.50000e+00
2.12127e+02,3.82624e+02,1.50000e+00,1.50000e+00
2.13926e+02,3.83495e+02,1.50000e+00,1.50000e+00
2.15709e+02,3.84402e+02,1.50000e+00,1.50000e+00
2.17474e+02,3.85342e+02,1.50000e+00,1.50000e+00
2.19220e+02,3.86315e+02,1.50000e+00,1.50000e+00
2.20949e+02,3.87321e+02,1.50000e+00,1.50000e+00
2.22658e+02,3.88358e+02,1.50000e+00,1.50000e+00
2.24350e+02,3.89425e+02,1.50000e+00,1.50000e+00
2.26022e+02,3.90521e+02,1.50000e+00,1.50000e+00
2.27676e+02,3.91645e+02,1.50000e+00,1.50000e+00
2.29311e+02,3.92796e+02,1.50000e+00,1.50000e+00
2.30926e+02,3.93974e+02,1.50000e+00,1.50000e+00
2.32523e+02,3.95178e+02,1.50000e+00,1.50000e+00
2.34101e+02,3.96406e+02,1.50000e+00,1.50000e+00
2.35661e+02,3.97658e+02,1.50000e+00,1.50000e+00
2.37201e+02,3.98933e+02,1.50000e+00,1.50000e+00
2.38722e+02,4.00230e+02,1.50000e+00,1.50000e+00
2.40225e+02,4.01549e+02,1.50000e+00,1.50000e+00
2.41710e+02,4.02889e+02,1.50000e+00,1.50000e+00
2.43176e+02,4.04249e+02,1.50000e+00,1.50000e+00
2.44624e+02,4.05628e+02,1.50000e+00,1.50000e+00
2.46054e+02,4.07026e+02,1.50000e+00,1.50000e+00
2.47466e+02,4.08441e+02,1.50000e+00,1.50000e+00
2.48861e+02,4.09874e+02,1.50000e+00,1.50000e+00
2.50238e+02,4.11324e+02,1.50000e+00,1.50000e+00
2.51599e+02,4.12789e+02,1.50000e+00,1.50000e+00
2.52942e+02,4.14270e+02,1.50000e+00,1.50000e+00
2.54269e+02,4.15766e+02,1.50000e+00,1.50000e+00
2.55580e+02,4.17276e+02,1.50000e+00,1.50000e+00
2.56875e+02,4.18800e+02,1.50000e+00,1.50000e+00
2.58154e+02,4.20337e+02,1.50000e+00,1.50000e+00
2.59418e+02,4.21887e+02,1.50000e+00,1.50000e+00
2.60667e+02,4.23448e+02,1.50000e+00,1.50000e+00
2.61901e+02,4.25022e+02,1.50000e+00,1.50000e+00
2.63121e+02,4.26606e+02,1.50000e+00,1.50000e+00
2.64327e+02,4.28201e+02,1.50000e+00,1.50000e+00
2.65520e+02,4.29806e+02,1.50000e+00,1.50000e+00
2.66699e+02,4.31420e+02,1.50000e+00,1.50000e+00
2.67866e+02,4.33044e+02,1.50000e+00,1.50000e+00
2.69021e+02,4.34677e+02,1.50000e+00,1.50000e+00
2.70164e+02,4.36318e+02,1.50000e+00,1.50000e+00
2.71295e+02,4.37967e+02,1.50000e+00,1.50000e+00
2.72415e+02,4.39623e+02,1.50000e+00,1.50000e+00
2.73525e+02,4.41286e+02,1.50000e+00,1.50000e+00
2.74624e+02,4.42957e+02,1.50000e+00,1.50000e+00
2.75714e+02,4.44633e+02,1.50000e+00,1.50000e+00
2.76795e+02,4.46316e+02,1.50000e+00,1.50000e+00
2.77867e+02,4.48004e+02,1.50000e+00,1.50000e+00
2.78931e+02,4.49697e+02,1.50000e+00,1.50000e+00
2.79986e+02,4.51395e+02,1.50000e+00,1.50000e+00
2.81035e+02,4.53098e+02,1.50000e+00,1.50000e+00
2.82076e+02,4.54805e+02,1.50000e+00,1.50000e+00
2.83109e+02,4.56517e+02,1.50000e+00,1.50000e+00
2.84136e+02,4.58233e+02,1.50000e+00,1.50000e+00
2.85154e+02,4.59954e+02,1.50000e+00,1.50000e+00
2.86164e+02,4.61680e+02,1.50000e+00,1.50000e+00
2.87163e+02,4.63412e+02,1.50000e+00,1.50000e+00
2.88151e+02,4.65150e+02,1.50000e+00,1.50000e+00
2.89127e+02,4.66896e+02,1.50000e+00,1.50000e+00
2.90088e+02,4.68649e+02,1.50000e+00,1.50000e+00
2.91034e+02,4.70411e+02,1.50000e+00,1.50000e+00
2.91962e+02,4.72182e+02,1.50000e+00,1.50000e+00
2.92872e+02,4.73963e+02,1.50000e+00,1.50000e+00
2.93762e+02,4.75754e+02,1.50000e+00,1.50000e+00
2.94630e+02,4.77555e+02,1.50000e+00,1.50000e+00
2.95475e+02,4.79367e+02,1.50000e+00,1.50000e+00
2.96296e+02,4.81190e+02,1.50000e+00,1.50000e+00
2.97091e+02,4.83025e+02,1.50000e+00,1.50000e+00
2.97858e+02,4.84872e+02,1.50000e+00,1.50000e+00
2.98596e+02,4.86730e+02,1.50000e+00,1.50000e+00
2.99303e+02,4.88601e+02,1.50000e+00,1.50000e+00
2.99978e+02,4.90483e+02,1.50000e+00,1.50000e+00
3.00618e+02,4.92377e+02,1.50000e+00,1.50000e+00
3.01223e+02,4.94284e+02,1.50000e+00,1.50000e+00
3.01789e+02,4.96201e+02,1.50000e+00,1.50000e+00
3.02317e+02,4.98130e+02,1.50000e+00,1.50000e+00
3.02803e+02,5.00070e+02,1.50000e+00,1.50000e+00
3.03246e+02,5.02019e+02,1.50000e+00,1.50000e+00
3.03644e+02,5.03979e+02,1.50000e+00,1.50000e+00
3.03995e+02,5.05948e+02,1.50000e+00,1.50000e+00
3.04298e+02,5.07924e+02,1.50000e+00,1.50000e+00
3.04550e+02,5.09908e+02,1.50000e+00,1.50000e+00
3.04749e+02,5.11897e+02,1.50000e+00,1.50000e+00
3.04894e+02,5.13892e+02,1.50000e+00,1.50000e+00
3.04983e+02,5.15889e+02,1.50000e+00,1.50000e+00
3.05013e+02,5.17888e+02,1.50000e+00,1.50000e+00
3.04982e+02,5.19888e+02,1.50000e+00,1.50000e+00
3.04890e+02,5.21885e+02,1.50000e+00,1.50000e+00
3.04733e+02,5.23879e+02,1.50000e+00,1.50000e+00
3.04509e+02,5.25866e+02,1.50000e+00,1.50000e+00
3.04218e+02,5.27844e+02,1.50000e+00,1.50000e+00
3.03857e+02,5.29810e+02,1.50000e+00,1.50000e+00
3.03424e+02,5.31762e+02,1.50000e+00,1.50000e+00
3.02917e+02,5.33696e+02,1.50000e+00,1.50000e+00
3.02335e+02,5.35609e+02,1.50000e+00,1.50000e+00
3.01675e+02,5.37497e+02,1.50000e+00,1.50000e+00
3.00939e+02,5.39355e+02,1.50000e+00,1.50000e+00
3.00127e+02,5.41183e+02,1.50000e+00,1.50000e+00
2.99244e+02,5.42976e+02,1.50000e+00,1.50000e+00
2.98290e+02,5.44734e+02,1.50000e+00,1.50000e+00
2.97271e+02,5.46455e+02,1.50000e+00,1.50000e+00
2.96190e+02,5.48136e+02,1.50000e+00,1.50000e+00
2.95049e+02,5.49778e+02,1.50000e+00,1.50000e+00
2.93852e+02,5.51380e+02,1.50000e+00,1.50000e+00
2.92601e+02,5.52940e+02,1.50000e+00,1.50000e+00
2.91301e+02,5.54459e+02,1.50000e+00,1.50000e+00
2.89953e+02,5.55936e+02,1.50000e+00,1.50000e+00
2.88559e+02,5.57370e+02,1.50000e+00,1.50000e+00
2.87124e+02,5.58762e+02,1.50000e+00,1.50000e+00
2.85648e+02,5.60111e+02,1.50000e+00,1.50000e+00
2.84135e+02,5.61418e+02,1.50000e+00,1.50000e+00
2.82586e+02,5.62683e+02,1.50000e+00,1.50000e+00
2.81004e+02,5.63906e+02,1.50000e+00,1.50000e+00
2.79390e+02,5.65087e+02,1.50000e+00,1.50000e+00
2.77747e+02,5.66226e+02,1.50000e+00,1.50000e+00
2.76077e+02,5.67326e+02,1.50000e+00,1.50000e+00
2.74380e+02,5.68384e+02,1.50000e+00,1.50000e+00
2.72660e+02,5.69403e+02,1.50000e+00,1.50000e+00
2.70917e+02,5.70384e+02,1.50000e+00,1.50000e+00
2.69153e+02,5.71325e+02,1.50000e+00,1.50000e+00
2.67370e+02,5.72230e+02,1.50000e+00,1.50000e+00
2.65568e+02,5.73097e+02,1.50000e+00,1.50000e+00
2.63750e+02,5.73929e+02,1.50000e+00,1.50000e+00
2.61916e+02,5.74725e+02,1.50000e+00,1.50000e+00
2.60067e+02,5.75487e+02,1.50000e+00,1.50000e+00
2.58205e+02,5.76216e+02,1.50000e+00,1.50000e+00
2.56330e+02,5.76910e+02,1.50000e+00,1.50000e+00
2.54442e+02,5.77572e+02,1.50000e+00,1.50000e+00
2.52544e+02,5.78200e+02,1.50000e+00,1.50000e+00
2.50635e+02,5.78795e+02,1.50000e+00,1.50000e+00
2.48716e+02,5.79356e+02,1.50000e+00,1.50000e+00
2.46788e+02,5.79885e+02,1.50000e+00,1.50000e+00
2.44851e+02,5.80382e+02,1.50000e+00,1.50000e+00
2.42906e+02,5.80847e+02,1.50000e+00,1.50000e+00
2.40954e+02,5.81281e+02,1.50000e+00,1.50000e+00
2.38995e+02,5.81683e+02,1.50000e+00,1.50000e+00
2.37030e+02,5.82055e+02,1.50000e+00,1.50000e+00
2.35060e+02,5.82396e+02,1.50000e+00,1.50000e+00
2.33085e+02,5.82708e+02,1.50000e+00,1.50000e+00
2.31105e+02,5.82990e+02,1.50000e+00,1.50000e+00
2.29122e+02,5.83243e+02,1.50000e+00,1.50000e+00
2.27135e+02,5.83468e+02,1.50000e+00,1.50000e+00
2.25145e+02,5.83664e+02,1.50000e+00,1.50000e+00
2.23152e+02,5.83832e+02,1.50000e+00,1.50000e+00
2.21158e+02,5.83973e+02,1.50000e+00,1.50000e+00
2.19161e+02,5.84088e+02,1.50000e+00,1.50000e+00
2.17164e+02,5.84175e+02,1.50000e+00,1.50000e+00
2.15165e+02,5.84237e+02,1.50000e+00,1.50000e+00
2.13166e+02,5.84273e+02,1.50000e+00,1.50000e+00
2.11166e+02,5.84284e+02,1.50000e+00,1.50000e+00
2.09166e+02,5.84270e+02,1.50000e+00,1.50000e+00
2.07167e+02,5.84232e+02,1.50000e+00,1.50000e+00
2.05169e+02,5.84169e+02,1.50000e+00,1.50000e+00
2.03171e+02,5.84084e+02,1.50000e+00,1.50000e+00
2.01174e+02,5.83975e+02,1.50000e+00,1.50000e+00
1.99179e+02,5.83843e+02,1.50000e+00,1.50000e+00
1.97185e+02,5.83690e+02,1.50000e+00,1.50000e+00
1.95193e+02,5.83514e+02,1.50000e+00,1.50000e+00
1.93203e+02,5.83318e+02,1.50000e+00,1.50000e+00
1.91216e+02,5.83100e+02,1.50000e+00,1.50000e+00
1.89230e+02,5.82862e+02,1.50000e+00,1.50000e+00
1.87247e+02,5.82603e+02,1.50000e+00,1.50000e+00
1.85267e+02,5.82326e+02,1.50000e+00,1.50000e+00
1.83290e+02,5.82028e+02,1.50000e+00,1.50000e+00
1.81315e+02,5.81712e+02,1.50000e+00,1.50000e+00
1.79344e+02,5.81378e+02,1.50000e+00,1.50000e+00
1.77375e+02,5.81026e+02,1.50000e+00,1.50000e+00
1.75410e+02,5.80655e+02,1.50000e+00,1.50000e+00
1.73449e+02,5.80268e+02,1.50000e+00,1.50000e+00
1.71490e+02,5.79863e+02,1.50000e+00,1.50000e+00
1.69536e+02,5.79441e+02,1.50000e+00,1.50000e+00
1.67585e+02,5.79001e+02,1.50000e+00,1.50000e+00
1.65638e+02,5.78546e+02,1.50000e+00,1.50000e+00
1.63695e+02,5.78073e+02,1.50000e+00,1.50000e+00
1.61756e+02,5.77583e+02,1.50000e+00,1.50000e+00
1.59822e+02,5.77077e+02,1.50000e+00,1.50000e+00
1.57892e+02,5.76555e+02,1.50000e+00,1.50000e+00
1.55966e+02,5.76016e+02,1.50000e+00,1.50000e+00
1.54045e+02,5.75461e+02,1.50000e+00,1.50000e+00
1.52129e+02,5.74889e+02,1.50000e+00,1.50000e+00
1.50218e+02,5.74301e+02,1.50000e+00,1.50000e+00
1.48311e+02,5.73698e+02,1.50000e+00,1.50000e+00
1.46410e+02,5.73078e+02,1.50000e+00,1.50000e+00
1.44514e+02,5.72442e+02,1.50000e+00,1.50000e+00
1.42624e+02,5.71791e+02,1.50000e+00,1.50000e+00
1.40739e+02,5.71124e+02,1.50000e+00,1.50000e+00
1.38859e+02,5.70441e+02,1.50000e+00,1.50000e+00
1.36985e+02,5.69743e+02,1.50000e+00,1.50000e+00
1.35117e+02,5.69029e+02,1.50000e+00,1.50000e+00
1.33255e+02,5.68300e+02,1.50000e+00,1.50000e+00
1.31399e+02,5.67556e+02,1.50000e+00,1.50000e+00
1.29550e+02,5.66797e+02,1.50000e+00,1.50000e+00
1.27706e+02,5.66022e+02,1.50000e+00,1.50000e+00
1.25869e+02,5.65233e+02,1.50000e+00,1.50000e+00
1.24038e+02,5.64428e+02,1.50000e+00,1.50000e+00
1.22214e+02,5.63609e+02,1.50000e+00,1.50000e+00
1.20397e+02,5.62775e+02,1.50000e+00,1.50000e+00
1.18586e+02,5.61926e+02,1.50000e+00,1.50000e+00
1.16783e+02,5.61063e+02,1.50000e+00,1.50000e+00
1.14986e+02,5.60185e+02,1.50000e+00,1.50000e+00
1.13196e+02,5.59293e+02,1.50000e+00,1.50000e+00
1.11414e+02,5.58387e+02,1.50000e+00,1.50000e+00
1.09639e+02,5.57466e+02,1.50000e+00,1.50000e+00
1.07871e+02,5.56531e+02,1.50000e+00,1.50000e+00
1.06111e+02,5.55582e+02,1.50000e+00,1.50000e+00
1.04358e+02,5.54620e+02,1.50000e+00,1.50000e+00
1.02614e+02,5.53643e+02,1.50000e+00,1.50000e+00
1.00877e+02,5.52652e+02,1.50000e+00,1.50000e+00
9.91474e+01,5.51648e+02,1.50000e+00,1.50000e+00
9.74263e+01,5.50630e+02,1.50000e+00,1.50000e+00
9.57133e+01,5.49599e+02,1.50000e+00,1.50000e+00
9.40084e+01,5.48554e+02,1.50000e+00,1.50000e+00
9.23119e+01,5.47495e+02,1.50000e+00,1.50000e+00
9.06237e+01,5.46424e+02,1.50000e+00,1.50000e+00
8.89440e+01,5.45339e+02,1.50000e+00,1.50000e+00
8.72729e+01,5.44241e+02,1.50000e+00,1.50000e+00
8.56104e+01,5.43129e+02,1.50000e+00,1.50000e+00
8.39567e+01,5.42005e+02,1.50000e+00,1.50000e+00
8.23119e+01,5.40868e+02,1.50000e+00,1.50000e+00
8.06760e+01,5.39718e+02,1.50000e+00,1.50000e+00
7.90492e+01,5.38555e+02,1.50000e+00,1.50000e+00
7.74315e+01,5.37380e+02,1.50000e+00,1.50000e+00
7.58230e+01,5.36192e+02,1.50000e+00,1.50000e+00
7.42238e+01,5.34992e+02,1.50000e+00,1.50000e+00
7.26341e+01,5.33779e+02,1.50000e+00,1.50000e+00
7.10539e+01,5.32553e+02,1.50000e+00,1.50000e+00
6.94833e+01,5.31316e+02,1.50000e+00,1.50000e+00
6.79224e+01,5.30066e+02,1.50000e+00,1.50000e+00
6.63712e+01,5.28804e+02,1.50000e+00,1.50000e+00
6.48300e+01,5.27530e+02,1.50000e+00,1.50000e+00
6.32987e+01,5.26244e+02,1.50000e+00,1.50000e+00
6.17775e+01,5.24946e+02,1.50000e+00,1.50000e+00
6.02665e+01,5.23636e+02,1.50000e+00,1.50000e+00
5.87657e+01,5.22315e+02,1.50000e+00,1.50000e+00
5.72752e+01,5.20982e+02,1.50000e+00,1.50000e+00
5.57953e+01,5.19637e+02,1.50000e+00,1.50000e+00
5.43258e+01,5.18281e+02,1.50000e+00,1.50000e+00
5.28669e+01,5.16914e+02,1.50000e+00,1.50000e+00
5.14188e+01,5.15535e+02,1.50000e+00,1.50000e+00
4.99815e+01,5.14144e+02,1.50000e+00,1.50000e+00
4.85551e+01,5.12743e+02,1.50000e+00,1.50000e+00
4.71397e+01,5.11330e+02,1.50000e+00,1.50000e+00
4.57354e+01,5.09907e+02,1.50000e+00,1.50000e+00
4.43423e+01,5.08472e+02,1.50000e+00,1.50000e+00
4.29605e+01,5.07027e+02,1.50000e+00,1.50000e+00
4.15901e+01,5.05571e+02,1.50000e+00,1.50000e+00
4.02312e+01,5.04104e+02,1.50000e+00,1.50000e+00
3.88838e+01,5.02627e+02,1.50000e+00,1.50000e+00
3.75481e+01,5.01138e+02,1.50000e+00,1.50000e+00
3.62242e+01,4.99640e+02,1.50000e+00,1.50000e+00
3.49121e+01,4.98131e+02,1.50000e+00,1.50000e+00
3.36120e+01,4.96612e+02,1.50000e+00,1.50000e+00
3.23240e+01,4.95082e+02,1.50000e+00,1.50000e+00
3.10482e+01,4.93542e+02,1.50000e+00,1.50000e+00
2.97846e+01,4.91993e+02,1.50000e+00,1.50000e+00
2.85333e+01,4.90433e+02,1.50000e+00,1.50000e+00
2.72945e+01,4.88863e+02,1.50000e+00,1.50000e+00
2.60681e+01,4.87284e+02,1.50000e+00,1.50000e+00
2.48542e+01,4.85695e+02,1.50000e+00,1.50000e+00
2.36527e+01,4.84096e+02,1.50000e+00,1.50000e+00
2.24638e+01,4.82489e+02,1.50000e+00,1.50000e+00
2.12873e+01,4.80872e+02,1.50000e+00,1.50000e+00
2.01232e+01,4.79246e+02,1.50000e+00,1.50000e+00
1.89716e+01,4.77611e+02,1.50000e+00,1.50000e+00
1.78323e+01,4.75968e+02,1.50000e+00,1.50000e+00
1.67054e+01,4.74316e+02,1.50000e+00,1.50000e+00
1.55908e+01,4.72656e+02,1.50000e+00,1.50000e+00
1.44884e+01,4.70987e+02,1.50000e+00,1.50000e+00
1.33984e+01,4.69311e+02,1.50000e+00,1.50000e+00
1.23205e+01,4.67627e+02,1.50000e+00,1.50000e+00
1.12549e+01,4.65935e+02,1.50000e+00,1.50000e+00
1.02014e+01,4.64235e+02,1.50000e+00,1.50000e+00
9.15995e+00,4.62528e+02,1.50000e+00,1.50000e+00
8.13061e+00,4.60814e+02,1.50000e+00,1.50000e+00
7.11329e+00,4.59092e+02,1.50000e+00,1.50000e+00
6.10797e+00,4.57364e+02,1.50000e+00,1.50000e+00
5.11458e+00,4.55628e+02,1.50000e+00,1.50000e+00
4.13309e+00,4.53886e+02,1.50000e+00,1.50000e+00
3.16346e+00,4.52137e+02,1.50000e+00,1.50000e+00
2.20564e+00,4.50382e+02,1.50000e+00,1.50000e+00
1.25957e+00,4.48620e+02,1.50000e+00,1.50000e+00
3.25230e-01,4.46853e+02,1.50000e+00,1.50000e+00
-5.97455e-01,4.45079e+02,1.50000e+00,1.50000e+00
-1.50852e+00,4.43299e+02,1.50000e+00,1.50000e+00
-2.40801e+00,4.41513e+02,1.50000e+00,1.50000e+00
-3.29600e+00,4.39721e+02,1.50000e+00,1.50000e+00
-4.17251e+00,4.37924e+02,1.50000e+00,1.50000e+00
-5.03763e+00,4.36121e+02,1.50000e+00,1.50000e+00
-5.89137e+00,4.34313e+02,1.50000e+00,1.50000e+00
-6.73382e+00,4.32499e+02,1.50000e+00,1.50000e+00
-7.56502e+00,4.30681e+02,1.50000e+00,1.50000e+00
-8.38501e+00,4.28857e+02,1.50000e+00,1.50000e+00
-9.19388e+00,4.27028e+02,1.50000e+00,1.50000e+00
-9.99165e+00,4.25194e+02,1.50000e+00,1.50000e+00
-1.07784e+01,4.23356e+02,1.50000e+00,1.50000e+00
-1.15542e+01,4.21513e+02,1.50000e+00,1.50000e+00
-1.23191e+01,4.19666e+02,1.50000e+00,1.50000e+00
-1.30731e+01,4.17814e+02,1.50000e+00,1.50000e+00
-1.38164e+01,4.15957e+02,1.50000e+00,1.50000e+00
-1.45489e+01,4.14097e+02,1.50000e+00,1.50000e+00
-1.52707e+01,4.12232e+02,1.50000e+00,1.50000e+00
-1.59820e+01,4.10363e+02,1.50000e+00,1.50000e+00
-1.66827e+01,4.08490e+02,1.50000e+00,1.50000e+00
-1.73729e+01,4.06613e+02,1.50000e+00,1.50000e+00
-1.80527e+01,4.04733e+02,1.50000e+00,1.50000e+00
-1.87221e+01,4.02849e+02,1.50000e+00,1.50000e+00
-1.93813e+01,4.00961e+02,1.50000e+00,1.50000e+00
-2.00302e+01,3.99069e+02,1.50000e+00,1.50000e+00
-2.06690e+01,3.97175e+02,1.50000e+00,1.50000e+00
-2.12977e+01,3.95276e+02,1.50000e+00,1.50000e+00
-2.19164e+01,3.93375e+02,1.50000e+00,1.50000e+00
-2.25251e+01,3.91470e+02,1.50000e+00,1.50000e+00
-2.31239e+01,3.89562e+02,1.50000e+00,1.50000e+00
-2.37129e+01,3.87651e+02,1.50000e+00,1.50000e+00
-2.42922e+01,3.85737e+02,1.50000e+00,1.50000e+00
-2.48618e+01,3.83821e+02,1.50000e+00,1.50000e+00
-2.54217e+01,3.81901e+02,1.50000e+00,1.50000e+00
-2.59721e+01,3.79979e+02,1.50000e+00,1.50000e+00
-2.65130e+01,3.78054e+02,1.50000e+00,1.50000e+00
-2.70446e+01,3.76126e+02,1.50000e+00,1.50000e+00
-2.75668e+01,3.74196e+02,1.50000e+00,1.50000e+00
-2.80797e+01,3.72263e+02,1.50000e+00,1.50000e+00
-2.85835e+01,3.70328e+02,1.50000e+00,1.50000e+00
-2.90781e+01,3.68390e+02,1.50000e+00,1.50000e+00
-2.95637e+01,3.66451e+02,1.50000e+00,1.50000e+00
-3.00403e+01,3.64508e+02,1.50000e+00,1.50000e+00
-3.05080e+01,3.62564e+02,1.50000e+00,1.50000e+00
-3.09669e+01,3.60618e+02,1.50000e+00,1.50000e+00
-3.14170e+01,3.58670e+02,1.50000e+00,1.50000e+00
-3.18585e+01,3.56720e+02,1.50000e+00,1.50000e+00
-3.22914e+01,3.54767e+02,1.50000e+00,1.50000e+00
-3.27157e+01,3.52813e+02,1.50000e+00,1.50000e+00
-3.31316e+01,3.50857e+02,1.50000e+00,1.50000e+00
-3.35392e+01,3.48900e+02,1.50000e+00,1.50000e+00
-3.39385e+01,3.46940e+02,1.50000e+00,1.50000e+00
-3.43295e+01,3.44979e+02,1.50000e+00,1.50000e+00
-3.47123e+01,3.43017e+02,1.50000e+00,1.50000e+00
-3.50869e+01,3.41052e+02,1.50000e+00,1.50000e+00
-3.54534e+01,3.39087e+02,1.50000e+00,1.50000e+00
-3.58117e+01,3.37119e+02,1.50000e+00,1.50000e+00
-3.61620e+01,3.35151e+02,1.50000e+00,1.50000e+00
-3.65042e+01,3.33181e+02,1.50000e+00,1.50000e+00
-3.68384e+01,3.31209e+02,1.50000e+00,1.50000e+00
-3.71646e+01,3.29236e+02,1.50000e+00,1.50000e+00
-3.74828e+01,3.27262e+02,1.50000e+00,1.50000e+00
-3.77931e+01,3.25287e+02,1.50000e+00,1.50000e+00
-3.80955e+01,3.23310e+02,1.50000e+00,1.50000e+00
-3.83901e+01,3.21332e+02,1.50000e+00,1.50000e+00
-3.86768e+01,3.19353e+02,1.50000e+00,1.50000e+00
-3.89557e+01,3.17373e+02,1.50000e+00,1.50000e+00
-3.92268e+01,3.15392e+02,1.50000e+00,1.50000e+00
-3.94902e+01,3.13410e+02,1.50000e+00,1.50000e+00
-3.97460e+01,3.11427e+02,1.50000e+00,1.50000e+00
-3.99940e+01,3.09442e+02,1.50000e+00,1.50000e+00
-4.02344e+01,3.07457e+02,1.50000e+00,1.50000e+00
-4.04673e+01,3.05471e+02,1.50000e+00,1.50000e+00
-4.06925e+01,3.03484e+02,1.50000e+00,1.50000e+00
-4.09102e+01,3.01497e+02,1.50000e+00,1.50000e+00
-4.11204e+01,2.99508e+02,1.50000e+00,1.50000e+00
-4.13232e+01,2.97519e+02,1.50000e+00,1.50000e+00
-4.15185e+01,2.95529e+02,1.50000e+00,1.50000e+00
-4.17064e+01,2.93538e+02,1.50000e+00,1.50000e+00
-4.18870e+01,2.91546e+02,1.50000e+00,1.50000e+00
-4.20602e+01,2.89554e+02,1.50000e+00,1.50000e+00
-4.22261e+01,2.87562e+02,1.50000e+00,1.50000e+00
-4.23848e+01,2.85568e+02,1.50000e+00,1.50000e+00
-4.25362e+01,2.83574e+02,1.50000e+00,1.50000e+00
-4.26805e+01,2.81580e+02,1.50000e+00,1.50000e+00
-4.28175e+01,2.79585e+02,1.50000e+00,1.50000e+00
-4.29475e+01,2.77590e+02,1.50000e+00,1.50000e+00
-4.30703e+01,2.75594e+02,1.50000e+00,1.50000e+00
-4.31861e+01,2.73598e+02,1.50000e+00,1.50000e+00
-4.32949e+01,2.71601e+02,1.50000e+00,1.50000e+00
-4.33967e+01,2.69604e+02,1.50000e+00,1.50000e+00
-4.34915e+01,2.67607e+02,1.50000e+00,1.50000e+00
-4.35794e+01,2.65609e+02,1.50000e+00,1.50000e+00
-4.36605e+01,2.63611e+02,1.50000e+00,1.50000e+00
-4.37346e+01,2.61613e+02,1.50000e+00,1.50000e+00
-4.38020e+01,2.59614e+02,1.50000e+00,1.50000e+00
-4.38626e+01,2.57615e+02,1.50000e+00,1.50000e+00
-4.39164e+01,2.55616e+02,1.50000e+00,1.50000e+00
-4.39635e+01,2.53617e+02,1.50000e+00,1.50000e+00
-4.40039e+01,2.51618e+02,1.50000e+00,1.50000e+00
-4.40377e+01,2.49619e+02,1.50000e+00,1.50000e+00
-4.40649e+01,2.47619e+02,1.50000e+00,1.50000e+00
-4.40855e+01,2.45620e+02,1.50000e+00,1.50000e+00
-4.40996e+01,2.43620e+02,1.50000e+00,1.50000e+00
-4.41072e+01,2.41621e+02,1.50000e+00,1.50000e+00
-4.41083e+01,2.39621e+02,1.50000e+00,1.50000e+00
-4.41030e+01,2.37621e+02,1.50000e+00,1.50000e+00
-4.40913e+01,2.35622e+02,1.50000e+00,1.50000e+00
-4.40732e+01,2.33622e+02,1.50000e+00,1.50000e+00
-4.40488e+01,2.31623e+02,1.50000e+00,1.50000e+00
-4.40182e+01,2.29623e+02,1.50000e+00,1.50000e+00
-4.39812e+01,2.27624e+02,1.50000e+00,1.50000e+00
-4.39381e+01,2.25625e+02,1.50000e+00,1.50000e+00
-4.38887e+01,2.23626e+02,1.50000e+00,1.50000e+00
-4.38333e+01,2.21627e+02,1.50000e+00,1.50000e+00
-4.37717e+01,2.19628e+02,1.50000e+00,1.50000e+00
-4.37040e+01,2.17630e+02,1.50000e+00,1.50000e+00
-4.36303e+01,2.15632e+02,1.50000e+00,1.50000e+00
-4.35506e+01,2.13634e+02,1.50000e+00,1.50000e+00
-4.34650e+01,2.11636e+02,1.50000e+00,1.50000e+00
-4.33734e+01,2.09638e+02,1.50000e+00,1.50000e+00
-4.32759e+01,2.07641e+02,1.50000e+00,1.50000e+00
-4.31725e+01,2.05644e+02,1.50000e+00,1.50000e+00
-4.30634e+01,2.03647e+02,1.50000e+00,1.50000e+00
-4.29484e+01,2.01651e+02,1.50000e+00,1.50000e+00
-4.28278e+01,1.99655e+02,1.50000e+00,1.50000e+00
-4.27014e+01,1.97660e+02,1.50000e+00,1.50000e+00
-4.25693e+01,1.95664e+02,1.50000e+00,1.50000e+00
-4.24317e+01,1.93669e+02,1.50000e+00,1.50000e+00
-4.22885e+01,1.91675e+02,1.50000e+00,1.50000e+00
-4.21398e+01,1.89681e+02,1.50000e+00,1.50000e+00
-4.19857e+01,1.87687e+02,1.50000e+00,1.50000e+00
-4.18261e+01,1.85694e+02,1.50000e+00,1.50000e+00
-4.16612e+01,1.83701e+02,1.50000e+00,1.50000e+00
-4.14909e+01,1.81709e+02,1.50000e+00,1.50000e+00
-4.13154e+01,1.79717e+02,1.50000e+00,1.50000e+00
-4.11346e+01,1.77725e+02,1.50000e+00,1.50000e+00
-4.09487e+01,1.75734e+02,1.50000e+00,1.50000e+00
-4.07576e+01,1.73744e+02,1.50000e+00,1.50000e+00
-4.05613e+01,1.71754e+02,1.50000e+00,1.50000e+00
-4.03601e+01,1.69764e+02,1.50000e+00,1.50000e+00
-4.01538e+01,1.67775e+02,1.50000e+00,1.50000e+00
-3.99425e+01,1.65787e+02,1.50000e+00,1.50000e+00
-3.97264e+01,1.63799e+02,1.50000e+00,1.50000e+00
-3.95053e+01,1.61812e+02,1.50000e+00,1.50000e+00
-3.92794e+01,1.59825e+02,1.50000e+00,1.50000e+00
-3.90487e+01,1.57839e+02,1.50000e+00,1.50000e+00
-3.88132e+01,1.55853e+02,1.50000e+00,1.50000e+00
-3.85730e+01,1.53868e+02,1.50000e+00,1.50000e+00
-3.83282e+01,1.51883e+02,1.50000e+00,1.50000e+00
-3.80787e+01,1.49899e+02,1.50000e+00,1.50000e+00
-3.78246e+01,1.47916e+02,1.50000e+00,1.50000e+00
-3.75660e+01,1.45933e+02,1.50000e+00,1.50000e+00
-3.73029e+01,1.43951e+02,1.50000e+00,1.50000e+00
-3.70353e+01,1.41969e+02,1.50000e+00,1.50000e+00
-3.67633e+01,1.39988e+02,1.50000e+00,1.50000e+00
-3.64869e+01,1.38008e+02,1.50000e+00,1.50000e+00
-3.62062e+01,1.36028e+02,1.50000e+00,1.50000e+00
-3.59212e+01,1.34049e+02,1.50000e+00,1.50000e+00
-3.56320e+01,1.32070e+02,1.50000e+00,1.50000e+00
-3.53385e+01,1.30092e+02,1.50000e+00,1.50000e+00
-3.50409e+01,1.28115e+02,1.50000e+00,1.50000e+00
-3.47391e+01,1.26138e+02,1.50000e+00,1.50000e+00
-3.44333e+01,1.24162e+02,1.50000e+00,1.50000e+00
-3.41234e+01,1.22186e+02,1.50000e+00,1.50000e+00
-3.38095e+01,1.20212e+02,1.50000e+00,1.50000e+00
-3.34916e+01,1.18237e+02,1.50000e+00,1.50000e+00
-3.31698e+01,1.16264e+02,1.50000e+00,1.50000e+00
-3.28442e+01,1.14291e+02,1.50000e+00,1.50000e+00
-3.25146e+01,1.12319e+02,1.50000e+00,1.50000e+00
-3.21813e+01,1.10347e+02,1.50000e+00,1.50000e+00
-3.18442e+01,1.08376e+02,1.50000e+00,1.50000e+00
-3.15034e+01,1.06405e+02,1.50000e+00,1.50000e+00
-3.11589e+01,1.04436e+02,1.50000e+00,1.50000e+00
-3.08108e+01,1.02467e+02,1.50000e+00,1.50000e+00
-3.04591e+01,1.00498e+02,1.50000e+00,1.50000e+00
-3.01037e+01,9.85304e+01,1.50000e+00,1.50000e+00
-2.97449e+01,9.65633e+01,1.50000e+00,1.50000e+00
-2.93826e+01,9.45967e+01,1.50000e+00,1.50000e+00
-2.90168e+01,9.26308e+01,1.50000e+00,1.50000e+00
-2.86477e+01,9.06656e+01,1.50000e+00,1.50000e+00
-2.82751e+01,8.87009e+01,1.50000e+00,1.50000e+00
-2.78993e+01,8.67370e+01,1.50000e+00,1.50000e+00
-2.75201e+01,8.47736e+01,1.50000e+00,1.50000e+00
-2.71377e+01,8.28109e+01,1.50000e+00,1.50000e+00
-2.67521e+01,8.08488e+01,1.50000e+00,1.50000e+00
-2.63633e+01,7.88873e+01,1.50000e+00,1.50000e+00
-2.59714e+01,7.69265e+01,1.50000e+00,1.50000e+00
-2.55763e+01,7.49663e+01,1.50000e+00,1.50000e+00
-2.51783e+01,7.30067e+01,1.50000e+00,1.50000e+00
-2.47772e+01,7.10477e+01,1.50000e+00,1.50000e+00
-2.43731e+01,6.90893e+01,1.50000e+00,1.50000e+00
-2.39660e+01,6.71316e+01,1.50000e+00,1.50000e+00
-2.35561e+01,6.51744e+01,1.50000e+00,1.50000e+00
-2.31433e+01,6.32178e+01,1.50000e+00,1.50000e+00
-2.27277e+01,6.12619e+01,1.50000e+00,1.50000e+00
-2.23093e+01,5.93065e+01,1.50000e+00,1.50000e+00
-2.18881e+01,5.73518e+01,1.50000e+00,1.50000e+00
-2.14642e+01,5.53976e+01,1.50000e+00,1.50000e+00
-2.10376e+01,5.34440e+01,1.50000e+00,1.50000e+00
-2.06084e+01,5.14909e+01,1.50000e+00,1.50000e+00
-2.01766e+01,4.95385e+01,1.50000e+00,1.50000e+00
-1.97422e+01,4.75866e+01,1.50000e+00,1.50000e+00
-1.93053e+01,4.56353e+01,1.50000e+00,1.50000e+00
-1.88659e+01,4.36846e+01,1.50000e+00,1.50000e+00
-1.84241e+01,4.17344e+01,1.50000e+00,1.50000e+00
-1.79798e+01,3.97847e+01,1.50000e+00,1.50000e+00
-1.75332e+01,3.78356e+01,1.50000e+00,1.50000e+00
-1.70842e+01,3.58870e+01,1.50000e+00,1.50000e+00
-1.66329e+01,3.39390e+01,1.50000e+00,1.50000e+00
-1.61793e+01,3.19915e+01,1.50000e+00,1.50000e+00
-1.57236e+01,3.00445e+01,1.50000e+00,1.50000e+00
-1.52656e+01,2.80980e+01,1.50000e+00,1.50000e+00
-1.48054e+01,2.61520e+01,1.50000e+00,1.50000e+00
-1.43432e+01,2.42066e+01,1.50000e+00,1.50000e+00
-1.38788e+01,2.22616e+01,1.50000e+00,1.50000e+00
-1.34124e+01,2.03171e+01,1.50000e+00,1.50000e+00
-1.29440e+01,1.83732e+01,1.50000e+00,1.50000e+00
-1.24737e+01,1.64296e+01,1.50000e+00,1.50000e+00
-1.20013e+01,1.44866e+01,1.50000e+00,1.50000e+00
-1.15271e+01,1.25440e+01,1.50000e+00,1.50000e+00
-1.10510e+01,1.06019e+01,1.50000e+00,1.50000e+00
-1.05731e+01,8.66021e+00,1.50000e+00,1.50000e+00
-1.00934e+01,6.71896e+00,1.50000e+00,1.50000e+00
-9.61195e+00,4.77817e+00,1.50000e+00,1.50000e+00
-9.12876e+00,2.83780e+00,1.50000e+00,1.50000e+00
-8.64389e+00,8.97843e-01,1.50000e+00,1.50000e+00
